src	dst
0	3
0	13
0	30
0	53
0	118
0	171
1	3
1	132
1	340
2	3
2	350
4	148
5	2
5	3
5	11
5	14
5	21
5	30
5	35
5	36
5	64
5	67
5	69
5	79
5	82
5	95
5	101
5	103
5	124
5	134
5	140
5	144
5	174
5	187
5	190
5	226
5	258
5	285
5	328
5	350
5	426
6	3
6	5
6	7
6	8
6	13
6	14
6	19
6	21
6	26
6	27
6	35
6	68
6	71
6	78
6	96
6	107
6	108
6	118
6	120
6	128
6	134
6	135
6	192
6	193
6	196
6	209
6	217
6	221
6	225
6	229
6	232
6	234
6	235
6	236
6	237
6	255
6	260
6	272
6	279
6	281
6	285
6	294
6	295
6	299
6	310
6	346
6	351
6	353
6	355
6	358
6	359
6	363
6	372
6	395
6	404
6	406
6	412
6	459
6	468
6	483
7	9
7	21
7	27
7	30
7	63
7	68
7	87
7	96
7	112
7	135
7	163
7	212
7	220
7	235
7	245
8	21
8	35
8	88
8	258
9	2
9	4
9	50
9	53
9	71
9	83
9	98
9	104
9	137
9	154
9	155
9	156
9	188
9	190
9	227
9	228
9	241
9	244
9	263
9	270
9	279
9	321
9	363
9	433
9	474
9	497
10	37
10	144
10	359
10	381
10	395
10	398
10	413
10	418
11	23
11	140
11	301
11	311
11	365
12	17
12	19
12	46
12	50
12	77
12	83
12	129
12	137
12	155
12	223
12	239
12	278
12	280
12	283
12	298
12	306
12	334
12	339
12	340
12	361
12	368
12	383
12	389
12	426
12	429
12	433
12	434
12	464
12	468
12	479
12	484
13	23
13	29
13	30
13	88
13	144
13	171
13	206
13	420
15	8
15	10
15	12
15	16
15	23
15	27
15	37
15	38
15	53
15	61
15	64
15	69
15	70
15	88
15	89
15	97
15	100
15	105
15	108
15	114
15	121
15	132
15	134
15	135
15	138
15	141
15	144
15	147
15	156
15	157
15	168
15	173
15	178
15	180
15	181
15	182
15	188
15	206
15	207
15	208
15	226
15	233
15	239
15	243
15	265
15	266
15	268
15	278
15	282
15	285
15	286
15	288
15	291
15	295
15	302
15	305
15	315
15	317
15	322
15	333
15	338
15	344
15	353
15	357
15	359
15	361
15	364
15	368
15	369
15	373
15	374
15	384
15	390
15	397
15	407
15	411
15	412
15	414
15	419
15	420
15	424
15	426
15	428
15	430
15	432
15	438
15	439
15	441
15	448
15	457
15	480
15	481
15	488
15	497
17	417
18	15
18	36
18	37
18	42
18	55
18	60
18	76
18	101
18	104
18	108
18	121
18	122
18	134
18	144
18	149
18	150
18	155
18	160
18	171
18	178
18	179
18	181
18	182
18	185
18	188
18	191
18	196
18	197
18	213
18	219
18	229
18	241
18	248
18	262
18	270
18	278
18	279
18	305
18	309
18	317
18	318
18	320
18	323
18	330
18	340
18	349
18	350
18	355
18	377
18	378
18	391
18	400
18	417
18	426
18	432
18	438
18	439
18	448
18	453
18	472
20	338
20	426
21	2
21	8
21	13
21	27
21	35
21	44
21	96
21	100
21	105
21	106
21	113
21	121
21	174
21	180
21	196
21	226
21	258
21	332
21	363
21	364
21	386
21	414
21	420
21	426
21	448
21	474
21	475
22	5
22	9
22	15
22	23
22	34
22	36
22	37
22	53
22	57
22	112
22	130
22	143
22	168
22	176
22	186
22	204
22	209
22	217
22	218
22	250
22	260
22	269
22	271
22	272
22	286
22	290
22	292
22	293
22	328
22	384
22	445
22	495
24	176
25	201
27	0
27	2
27	3
27	4
27	5
27	6
27	7
27	8
27	11
27	12
27	13
27	14
27	15
27	17
27	18
27	26
27	28
27	30
27	34
27	35
27	36
27	37
27	39
27	40
27	42
27	43
27	44
27	45
27	47
27	48
27	49
27	52
27	53
27	54
27	56
27	57
27	59
27	60
27	61
27	62
27	63
27	67
27	68
27	69
27	72
27	74
27	76
27	80
27	82
27	83
27	84
27	85
27	87
27	88
27	89
27	90
27	92
27	94
27	95
27	97
27	99
27	100
27	101
27	102
27	103
27	104
27	105
27	106
27	107
27	109
27	110
27	111
27	112
27	113
27	114
27	115
27	117
27	118
27	119
27	121
27	122
27	123
27	125
27	127
27	128
27	129
27	130
27	132
27	134
27	135
27	137
27	139
27	140
27	141
27	142
27	144
27	145
27	147
27	148
27	149
27	150
27	153
27	155
27	156
27	159
27	160
27	162
27	167
27	168
27	169
27	171
27	173
27	174
27	177
27	178
27	179
27	181
27	182
27	185
27	188
27	190
27	192
27	193
27	196
27	197
27	198
27	202
27	204
27	205
27	206
27	207
27	211
27	214
27	217
27	218
27	220
27	221
27	224
27	226
27	227
27	228
27	229
27	230
27	232
27	234
27	239
27	241
27	243
27	246
27	247
27	248
27	250
27	253
27	257
27	259
27	262
27	264
27	266
27	270
27	271
27	272
27	274
27	278
27	279
27	280
27	281
27	283
27	285
27	287
27	288
27	290
27	292
27	293
27	294
27	295
27	298
27	300
27	301
27	302
27	303
27	304
27	309
27	310
27	314
27	317
27	318
27	320
27	322
27	323
27	325
27	326
27	328
27	330
27	331
27	334
27	336
27	338
27	341
27	344
27	345
27	346
27	347
27	348
27	349
27	350
27	353
27	354
27	355
27	358
27	359
27	363
27	364
27	365
27	367
27	368
27	369
27	370
27	373
27	390
27	391
27	394
27	395
27	396
27	398
27	405
27	406
27	407
27	408
27	411
27	412
27	413
27	416
27	418
27	420
27	421
27	426
27	427
27	432
27	433
27	437
27	438
27	439
27	441
27	442
27	443
27	447
27	448
27	450
27	455
27	456
27	459
27	462
27	463
27	464
27	465
27	466
27	468
27	471
27	472
27	475
27	480
27	481
27	488
27	495
27	497
27	499
28	0
28	13
28	56
28	105
28	310
28	332
28	416
30	4
30	5
30	13
30	33
30	61
30	63
30	75
30	76
30	82
30	88
30	99
30	103
30	121
30	140
30	144
30	149
30	173
30	198
30	227
30	235
30	236
30	285
30	304
30	382
30	430
30	444
30	456
32	2
32	9
32	11
32	13
32	14
32	27
32	35
32	40
32	42
32	44
32	56
32	69
32	97
32	107
32	110
32	119
32	121
32	132
32	168
32	176
32	202
32	226
32	257
32	283
32	322
32	325
32	336
32	344
32	353
32	398
32	447
32	465
32	475
33	30
33	40
33	85
33	86
33	95
33	107
33	127
33	154
33	178
33	189
33	195
33	214
33	219
33	224
33	242
33	244
33	246
33	255
33	271
33	338
34	40
34	53
34	76
34	89
34	107
34	109
34	115
34	140
34	141
34	160
34	213
34	247
34	255
34	264
34	344
34	405
34	406
35	2
35	5
35	8
35	10
35	13
35	21
35	27
35	30
35	56
35	60
35	63
35	79
35	87
35	97
35	101
35	109
35	115
35	117
35	118
35	132
35	134
35	140
35	144
35	148
35	149
35	156
35	157
35	170
35	173
35	187
35	194
35	227
35	229
35	234
35	236
35	245
35	258
35	265
35	269
35	272
35	278
35	288
35	305
35	350
35	363
35	414
36	0
36	2
36	3
36	5
36	7
36	9
36	11
36	13
36	14
36	15
36	18
36	24
36	25
36	26
36	27
36	30
36	31
36	34
36	35
36	39
36	40
36	45
36	46
36	47
36	48
36	51
36	54
36	55
36	56
36	57
36	58
36	59
36	60
36	65
36	67
36	69
36	70
36	71
36	72
36	73
36	75
36	76
36	78
36	79
36	80
36	81
36	82
36	86
36	89
36	90
36	91
36	92
36	95
36	96
36	99
36	100
36	103
36	104
36	107
36	108
36	109
36	110
36	112
36	114
36	115
36	117
36	118
36	119
36	120
36	122
36	127
36	133
36	134
36	135
36	139
36	140
36	141
36	142
36	145
36	150
36	151
36	152
36	153
36	154
36	155
36	156
36	159
36	160
36	162
36	163
36	166
36	167
36	168
36	169
36	174
36	176
36	179
36	180
36	181
36	182
36	185
36	186
36	187
36	188
36	189
36	190
36	191
36	192
36	193
36	194
36	195
36	196
36	197
36	198
36	200
36	201
36	203
36	207
36	208
36	209
36	210
36	212
36	213
36	214
36	217
36	218
36	220
36	227
36	228
36	229
36	230
36	232
36	240
36	241
36	242
36	243
36	244
36	245
36	246
36	247
36	248
36	250
36	252
36	254
36	255
36	258
36	259
36	260
36	261
36	262
36	264
36	265
36	268
36	269
36	270
36	271
36	273
36	274
36	275
36	277
36	278
36	279
36	281
36	284
36	285
36	287
36	288
36	291
36	292
36	293
36	294
36	296
36	299
36	300
36	301
36	302
36	303
36	304
36	305
36	309
36	316
36	318
36	321
36	322
36	323
36	327
36	328
36	330
36	342
36	344
36	345
36	346
36	348
36	349
36	350
36	352
36	354
36	355
36	357
36	358
36	360
36	363
36	364
36	368
36	372
36	377
36	378
36	379
36	381
36	386
36	391
36	392
36	394
36	395
36	399
36	406
36	410
36	414
36	428
36	430
36	431
36	436
36	445
36	449
36	453
36	458
36	459
36	474
41	4
41	5
41	13
41	18
41	153
41	168
41	174
41	227
41	241
41	263
41	279
41	285
41	288
41	292
41	429
41	447
40	4
40	7
40	8
40	9
40	13
40	27
40	34
40	54
40	60
40	67
40	73
40	75
40	76
40	82
40	89
40	112
40	121
40	127
40	154
40	159
40	181
40	194
40	198
40	207
40	246
40	271
40	285
40	295
40	304
40	305
40	456
42	0
42	2
42	4
42	5
42	9
42	11
42	12
42	13
42	14
42	17
42	18
42	20
42	21
42	27
42	29
42	32
42	33
42	35
42	43
42	45
42	46
42	48
42	53
42	56
42	57
42	58
42	59
42	60
42	61
42	63
42	73
42	74
42	75
42	76
42	77
42	79
42	80
42	82
42	83
42	84
42	88
42	89
42	91
42	92
42	95
42	97
42	99
42	102
42	103
42	110
42	111
42	112
42	116
42	117
42	118
42	120
42	122
42	123
42	126
42	128
42	132
42	133
42	139
42	141
42	144
42	147
42	149
42	152
42	154
42	155
42	156
42	157
42	159
42	167
42	168
42	174
42	177
42	183
42	191
42	196
42	197
42	198
42	199
42	200
42	202
42	204
42	205
42	207
42	209
42	210
42	212
42	215
42	216
42	217
42	218
42	219
42	220
42	221
42	225
42	227
42	231
42	232
42	235
42	242
42	244
42	245
42	250
42	258
42	262
42	263
42	270
42	278
42	279
42	284
42	285
42	293
42	298
42	299
42	300
42	302
42	303
42	304
42	305
42	307
42	308
42	309
42	311
42	317
42	318
42	320
42	321
42	322
42	323
42	324
42	325
42	328
42	329
42	330
42	338
42	340
42	349
42	352
42	359
42	368
42	382
42	383
42	385
42	398
42	404
42	406
42	411
42	416
42	417
42	420
42	426
42	431
42	434
42	437
42	439
42	441
42	446
42	448
42	453
42	455
42	460
42	468
42	469
42	472
42	485
42	486
42	497
42	499
43	0
43	13
43	25
43	42
43	47
43	53
43	82
43	150
43	155
43	173
43	175
43	178
43	182
43	194
43	210
43	212
43	217
43	302
43	348
43	349
43	353
43	364
43	381
43	423
43	439
43	446
44	118
44	165
44	255
44	293
44	298
44	313
44	319
44	331
44	426
44	434
44	446
47	43
47	56
47	116
47	136
47	156
47	188
47	263
47	270
47	288
47	310
48	34
48	43
48	90
48	109
48	115
48	118
48	122
48	156
48	166
48	167
48	176
48	213
48	269
48	274
48	301
48	328
48	344
48	348
48	350
48	357
48	394
51	13
51	298
51	338
51	448
53	0
53	2
53	3
53	5
53	8
53	10
53	11
53	12
53	13
53	14
53	15
53	17
53	18
53	21
53	24
53	25
53	26
53	27
53	30
53	32
53	33
53	34
53	35
53	37
53	39
53	40
53	41
53	42
53	44
53	47
53	48
53	54
53	56
53	58
53	59
53	60
53	61
53	62
53	63
53	64
53	65
53	66
53	67
53	68
53	69
53	71
53	72
53	73
53	74
53	75
53	76
53	79
53	80
53	82
53	83
53	84
53	86
53	88
53	89
53	90
53	91
53	92
53	94
53	95
53	96
53	97
53	99
53	100
53	103
53	104
53	105
53	106
53	107
53	108
53	109
53	110
53	111
53	112
53	114
53	115
53	116
53	117
53	118
53	119
53	121
53	122
53	123
53	124
53	127
53	128
53	130
53	132
53	133
53	134
53	138
53	139
53	140
53	141
53	143
53	144
53	145
53	147
53	150
53	151
53	152
53	153
53	154
53	155
53	156
53	157
53	159
53	160
53	162
53	163
53	164
53	167
53	168
53	171
53	173
53	174
53	175
53	176
53	178
53	179
53	180
53	182
53	183
53	185
53	187
53	188
53	189
53	191
53	192
53	194
53	195
53	196
53	197
53	198
53	204
53	205
53	206
53	207
53	210
53	212
53	213
53	214
53	217
53	218
53	225
53	226
53	228
53	229
53	234
53	235
53	238
53	240
53	241
53	242
53	243
53	244
53	245
53	246
53	247
53	248
53	250
53	252
53	255
53	258
53	259
53	260
53	261
53	265
53	266
53	267
53	268
53	269
53	270
53	271
53	272
53	275
53	278
53	279
53	282
53	285
53	288
53	289
53	291
53	292
53	293
53	295
53	300
53	301
53	302
53	303
53	304
53	309
53	317
53	318
53	321
53	322
53	325
53	326
53	327
53	328
53	331
53	332
53	335
53	336
53	338
53	340
53	344
53	345
53	348
53	352
53	353
53	355
53	359
53	361
53	363
53	364
53	367
53	368
53	370
53	373
53	375
53	378
53	380
53	382
53	388
53	390
53	391
53	392
53	394
53	395
53	396
53	399
53	407
53	410
53	412
53	421
53	422
53	423
53	426
53	431
53	438
53	440
53	445
53	446
53	447
53	448
53	455
53	456
53	457
53	458
53	459
53	461
53	462
53	465
53	468
53	470
53	478
53	486
53	488
53	489
53	496
53	497
53	499
55	11
55	56
55	92
55	120
55	121
55	140
55	141
55	155
55	168
55	185
55	243
55	285
55	304
55	305
55	306
55	322
55	359
55	428
55	431
55	456
54	0
54	35
54	40
54	82
54	88
54	344
58	200
59	212
61	396
61	466
61	474
63	3
63	7
63	14
63	35
63	48
63	55
63	65
63	75
63	80
63	89
63	92
63	107
63	109
63	112
63	117
63	118
63	128
63	152
63	154
63	163
63	189
63	192
63	209
63	212
63	213
63	217
63	220
63	230
63	235
63	240
63	242
63	244
63	246
63	247
63	254
63	255
63	269
63	271
64	63
64	90
64	242
62	15
62	65
62	141
62	173
62	226
62	242
62	289
62	295
62	353
62	445
62	446
66	3
66	69
66	85
66	112
66	139
66	149
66	224
66	278
66	304
66	426
67	5
67	10
67	30
67	40
67	56
67	69
67	75
67	79
67	88
67	121
67	123
67	132
67	140
67	141
67	144
67	149
67	159
67	161
67	168
67	186
67	194
67	232
67	302
67	304
67	344
67	353
67	426
67	428
67	468
68	35
68	144
68	176
68	229
68	265
68	330
69	13
69	28
69	30
69	66
69	79
69	82
69	88
69	106
69	107
69	138
69	168
69	323
69	388
69	416
70	3
70	7
70	14
70	30
70	47
70	53
70	61
70	69
70	72
70	89
70	92
70	127
70	147
70	148
70	149
70	152
70	154
70	159
70	166
70	168
70	174
70	175
70	187
70	204
70	207
70	217
70	235
70	246
70	267
70	285
70	286
70	301
70	322
70	353
70	367
70	391
70	409
70	427
70	428
70	472
71	168
72	90
72	133
72	168
72	176
73	0
73	42
73	168
73	197
73	203
74	40
74	102
74	147
74	149
74	155
74	156
74	175
74	187
74	206
74	232
74	334
74	338
74	390
74	391
74	419
74	428
74	432
75	10
75	13
75	14
75	43
75	44
75	48
75	53
75	61
75	63
75	65
75	67
75	80
75	88
75	92
75	97
75	99
75	109
75	115
75	121
75	128
75	133
75	141
75	145
75	148
75	149
75	150
75	152
75	154
75	156
75	161
75	163
75	164
75	169
75	171
75	172
75	190
75	207
75	220
75	229
75	235
75	242
75	244
75	268
75	314
75	322
75	327
75	328
75	350
75	420
75	438
75	441
75	448
75	456
75	487
76	5
76	12
76	13
76	18
76	34
76	39
76	40
76	45
76	47
76	55
76	67
76	69
76	72
76	80
76	94
76	103
76	107
76	109
76	118
76	152
76	153
76	154
76	159
76	160
76	168
76	171
76	173
76	174
76	176
76	178
76	187
76	189
76	192
76	193
76	202
76	213
76	218
76	224
76	229
76	242
76	244
76	245
76	246
76	247
76	250
76	251
76	252
76	253
76	254
76	255
76	269
76	271
76	272
76	273
76	274
76	281
76	285
76	288
76	292
76	301
76	317
76	338
76	340
76	350
76	371
76	382
76	440
76	465
76	482
78	105
78	123
78	132
78	147
78	149
78	279
78	338
79	30
79	35
79	88
79	117
79	134
79	243
79	258
79	296
79	435
80	0
80	3
80	5
80	7
80	14
80	30
80	42
80	48
80	67
80	88
80	92
80	97
80	101
80	107
80	112
80	114
80	134
80	139
80	159
80	166
80	168
80	198
80	200
80	209
80	217
80	218
80	220
80	240
80	250
80	271
80	272
80	281
80	285
81	52
81	155
81	295
81	322
16	265
16	414
83	3
83	30
83	33
83	340
83	389
83	499
84	31
84	44
84	53
84	88
84	119
84	132
84	155
84	185
84	259
84	359
84	372
84	433
84	453
84	475
85	33
85	95
85	105
85	139
85	231
85	334
85	365
86	8
86	39
86	105
86	127
86	173
86	187
86	266
86	275
86	384
86	407
89	4
89	13
89	15
89	27
89	30
89	34
89	47
89	53
89	55
89	56
89	70
89	71
89	75
89	118
89	121
89	140
89	149
89	150
89	155
89	156
89	160
89	189
89	206
89	213
89	246
89	398
89	420
89	468
90	5
90	34
90	64
90	67
90	69
90	71
90	72
90	80
90	86
90	107
90	118
90	157
90	159
90	166
90	168
90	194
90	213
90	218
90	246
90	254
90	255
90	259
90	266
90	268
90	269
90	272
90	273
90	274
90	275
90	276
90	278
90	281
90	285
90	288
90	327
90	362
90	378
91	27
91	65
91	90
91	109
91	192
91	207
91	258
91	272
91	352
91	392
92	8
92	12
92	14
92	22
92	27
92	53
92	55
92	72
92	97
92	103
92	114
92	116
92	118
92	120
92	121
92	136
92	142
92	148
92	160
92	168
92	176
92	180
92	193
92	208
92	211
92	220
92	229
92	230
92	237
92	249
92	251
92	274
92	276
92	279
92	287
92	299
92	302
92	314
92	316
92	340
92	345
92	354
92	357
92	446
92	457
92	499
93	0
93	3
93	7
93	14
93	30
93	34
93	35
93	42
93	43
93	48
93	55
93	57
93	58
93	59
93	63
93	65
93	75
93	79
93	82
93	89
93	92
93	99
93	106
93	117
93	118
93	128
93	133
93	139
93	152
93	154
93	159
93	163
93	168
93	169
93	189
93	192
93	197
93	200
93	203
93	207
93	209
93	210
93	212
93	213
93	217
93	220
93	221
93	227
93	228
93	235
93	237
93	242
93	244
93	246
93	247
93	251
93	254
93	255
93	269
94	84
94	96
94	121
94	286
94	295
94	448
94	456
94	461
94	462
94	465
94	473
94	477
95	12
95	13
95	15
95	32
95	33
95	35
95	48
95	56
95	66
95	73
95	83
95	85
95	92
95	97
95	99
95	103
95	107
95	109
95	113
95	117
95	118
95	119
95	121
95	128
95	129
95	132
95	137
95	138
95	139
95	141
95	144
95	147
95	148
95	149
95	154
95	155
95	160
95	168
95	171
95	174
95	176
95	177
95	185
95	189
95	196
95	198
95	202
95	206
95	207
95	218
95	222
95	223
95	229
95	231
95	232
95	244
95	261
95	263
95	271
95	272
95	279
95	285
95	287
95	298
95	301
95	305
95	315
95	318
95	322
95	323
95	325
95	334
95	338
95	345
95	353
95	361
95	380
95	384
95	388
95	389
95	394
95	406
95	426
95	441
95	446
95	448
95	454
95	459
95	468
95	486
95	488
95	497
95	499
96	8
96	12
96	101
96	121
96	132
96	173
96	336
96	338
96	340
96	374
96	382
96	426
96	430
96	459
96	470
97	2
97	12
97	21
97	27
97	53
97	57
97	59
97	60
97	63
97	67
97	76
97	83
97	88
97	92
97	96
97	101
97	111
97	113
97	115
97	118
97	121
97	124
97	125
97	128
97	132
97	134
97	138
97	147
97	149
97	155
97	160
97	171
97	196
97	202
97	206
97	207
97	211
97	215
97	219
97	226
97	232
97	235
97	252
97	257
97	258
97	265
97	278
97	286
97	288
97	303
97	304
97	314
97	317
97	318
97	325
97	331
97	344
97	353
97	364
97	368
97	371
97	376
97	388
97	394
97	398
97	410
97	426
97	448
97	454
97	459
97	461
97	468
97	475
97	478
97	483
97	491
98	13
98	35
98	47
98	53
98	88
98	121
98	127
98	132
98	139
98	144
98	149
98	229
98	279
98	288
98	290
98	292
98	293
98	301
98	359
98	395
99	3
99	25
99	42
99	75
99	88
99	89
99	92
99	98
99	101
99	109
99	121
99	133
99	134
99	139
99	156
99	157
99	160
99	168
99	171
99	197
99	201
99	202
99	203
99	210
99	216
99	217
99	221
99	227
99	240
99	242
99	259
99	270
99	301
99	321
99	331
99	347
99	350
99	410
99	452
99	460
100	2
100	21
100	27
100	40
100	47
100	56
100	58
100	59
100	92
100	108
100	122
100	133
100	150
100	160
100	176
100	209
100	214
100	229
100	262
100	263
100	291
100	344
100	348
100	363
100	364
101	88
101	151
101	206
101	278
101	326
101	359
101	422
101	453
102	132
102	152
102	278
102	286
102	382
102	407
102	434
102	479
103	18
103	95
103	97
103	118
103	121
103	140
103	168
103	171
103	202
103	224
103	241
103	259
103	263
103	272
103	279
103	298
103	301
103	304
103	334
104	55
104	57
104	64
104	136
104	148
104	160
104	176
104	216
104	234
104	250
104	251
104	270
104	273
104	274
104	276
104	420
105	2
105	10
105	12
105	13
105	21
105	27
105	28
105	34
105	35
105	36
105	39
105	40
105	47
105	53
105	56
105	57
105	62
105	64
105	66
105	67
105	68
105	69
105	70
105	72
105	80
105	84
105	85
105	86
105	90
105	94
105	96
105	97
105	100
105	107
105	108
105	109
105	110
105	113
105	114
105	115
105	119
105	121
105	129
105	132
105	138
105	139
105	141
105	145
105	148
105	149
105	151
105	153
105	155
105	156
105	157
105	158
105	159
105	160
105	161
105	165
105	169
105	171
105	174
105	176
105	178
105	180
105	181
105	182
105	185
105	186
105	187
105	188
105	189
105	195
105	196
105	206
105	211
105	213
105	214
105	218
105	219
105	226
105	231
105	238
105	242
105	246
105	248
105	255
105	258
105	261
105	264
105	265
105	266
105	268
105	269
105	271
105	272
105	275
105	278
105	279
105	284
105	285
105	286
105	288
105	289
105	291
105	292
105	293
105	295
105	303
105	306
105	309
105	310
105	315
105	317
105	318
105	322
105	326
105	327
105	328
105	329
105	331
105	332
105	333
105	335
105	336
105	338
105	343
105	345
105	352
105	353
105	355
105	358
105	361
105	363
105	367
105	369
105	370
105	371
105	373
105	374
105	375
105	378
105	384
105	394
105	395
105	399
105	404
105	406
105	407
105	410
105	415
105	416
105	421
105	427
105	429
105	435
105	438
105	441
105	448
105	451
105	454
105	456
105	457
105	458
105	459
105	460
105	461
105	462
105	465
105	468
105	473
105	475
105	481
105	482
105	483
105	486
105	487
105	488
105	491
105	495
105	496
106	2
106	4
106	12
106	18
106	21
106	23
106	35
106	37
106	45
106	53
106	56
106	88
106	89
106	92
106	98
106	99
106	100
106	105
106	109
106	117
106	120
106	121
106	124
106	132
106	149
106	160
106	168
106	171
106	176
106	195
106	241
106	258
106	263
106	265
106	270
106	298
106	303
106	328
106	363
106	367
106	390
106	417
106	420
106	426
106	433
106	456
106	496
106	499
107	18
107	60
107	104
107	168
107	171
107	174
107	189
107	192
107	212
107	213
107	246
107	247
107	250
107	255
107	263
107	274
107	304
108	15
108	53
108	68
108	107
108	157
108	172
108	174
108	181
108	185
108	196
108	258
108	266
108	342
108	351
108	362
108	414
109	0
109	3
109	7
109	9
109	14
109	16
109	24
109	34
109	35
109	42
109	43
109	48
109	53
109	55
109	57
109	58
109	59
109	63
109	65
109	68
109	71
109	75
109	76
109	79
109	81
109	84
109	87
109	88
109	89
109	92
109	94
109	97
109	99
109	103
109	106
109	112
109	116
109	117
109	128
109	133
109	134
109	135
109	142
109	147
109	148
109	149
109	151
109	152
109	154
109	159
109	160
109	163
109	168
109	170
109	171
109	172
109	174
109	176
109	180
109	183
109	189
109	196
109	197
109	198
109	201
109	203
109	204
109	205
109	206
109	207
109	208
109	209
109	210
109	212
109	213
109	216
109	217
109	222
109	225
109	227
109	229
109	230
109	234
109	235
109	237
109	242
109	243
109	244
109	249
109	251
109	254
109	255
109	258
109	268
109	270
109	279
109	285
109	296
109	299
109	301
109	302
109	305
109	316
109	318
109	322
109	323
109	327
109	330
109	332
109	338
109	342
109	344
109	346
109	347
109	348
109	351
109	356
109	359
109	362
109	364
109	366
109	369
109	370
109	372
109	377
109	382
109	386
109	388
109	391
109	400
109	404
109	408
109	426
109	430
109	431
109	439
109	446
109	450
109	452
109	455
109	468
109	478
110	12
110	14
110	27
110	67
110	80
110	92
110	95
110	96
110	97
110	103
110	129
110	151
110	156
110	159
110	180
110	182
110	190
110	199
110	285
110	301
110	315
110	322
110	328
110	330
110	331
110	343
110	344
110	378
110	390
110	405
110	407
110	448
111	13
111	23
111	27
111	35
111	53
111	88
111	97
111	121
111	134
111	138
111	144
111	146
111	155
111	156
111	164
111	168
111	194
111	202
111	225
111	226
111	252
111	279
111	296
111	301
111	315
111	317
111	345
111	361
111	368
111	421
111	426
111	428
111	470
111	495
112	22
112	40
112	46
112	53
112	59
112	66
112	121
112	129
112	137
112	174
112	187
112	202
112	207
112	220
112	224
112	307
112	322
112	338
112	374
112	380
112	398
112	412
112	413
112	416
112	441
112	454
112	455
112	457
112	481
112	495
112	497
114	2
114	15
114	16
114	21
114	24
114	26
114	27
114	35
114	37
114	44
114	53
114	68
114	71
114	84
114	90
114	96
114	100
114	101
114	108
114	110
114	113
114	115
114	119
114	134
114	141
114	145
114	149
114	155
114	161
114	162
114	171
114	172
114	173
114	174
114	175
114	176
114	178
114	180
114	181
114	182
114	183
114	185
114	194
114	195
114	196
114	214
114	229
114	236
114	248
114	249
114	258
114	259
114	260
114	261
114	265
114	275
114	284
114	285
114	291
114	294
114	296
114	302
114	303
114	327
114	345
114	350
114	351
114	352
114	353
114	355
114	356
114	357
114	358
114	360
114	361
114	363
114	364
114	366
114	372
114	377
114	378
114	379
114	381
114	382
114	386
114	391
114	394
114	395
114	398
114	399
114	400
114	403
114	406
114	407
114	410
114	414
114	421
114	423
114	436
114	439
114	448
114	475
113	44
113	105
113	114
113	125
113	211
113	285
113	322
113	361
113	441
115	2
115	3
115	8
115	9
115	10
115	12
115	15
115	27
115	33
115	35
115	37
115	39
115	40
115	42
115	43
115	47
115	54
115	56
115	65
115	67
115	69
115	73
115	76
115	82
115	84
115	88
115	94
115	96
115	97
115	99
115	100
115	101
115	103
115	106
115	114
115	121
115	122
115	132
115	138
115	140
115	141
115	143
115	144
115	145
115	149
115	150
115	152
115	160
115	168
115	171
115	174
115	176
115	178
115	180
115	185
115	194
115	195
115	202
115	207
115	224
115	225
115	226
115	243
115	258
115	260
115	263
115	265
115	266
115	271
115	272
115	275
115	279
115	292
115	295
115	301
115	302
115	303
115	304
115	309
115	318
115	322
115	330
115	336
115	338
115	344
115	348
115	350
115	352
115	353
115	359
115	361
115	362
115	364
115	365
115	367
115	373
115	375
115	387
115	394
115	412
115	414
115	420
115	422
115	423
115	431
115	438
115	441
115	445
115	446
115	448
115	453
115	458
115	460
115	465
115	478
115	487
115	495
115	496
116	157
116	195
116	265
116	285
116	373
116	424
117	35
117	113
117	168
117	212
117	371
117	470
118	2
118	5
118	6
118	8
118	12
118	16
118	26
118	35
118	37
118	44
118	53
118	54
118	56
118	66
118	68
118	71
118	81
118	84
118	88
118	90
118	99
118	101
118	103
118	106
118	108
118	115
118	126
118	132
118	134
118	135
118	141
118	147
118	149
118	155
118	156
118	157
118	160
118	168
118	171
118	173
118	174
118	176
118	178
118	195
118	196
118	207
118	213
118	221
118	225
118	229
118	236
118	243
118	258
118	259
118	262
118	263
118	268
118	282
118	299
118	303
118	322
118	323
118	332
118	338
118	345
118	350
118	355
118	359
118	363
118	391
118	399
118	404
118	412
118	413
118	414
118	421
118	438
118	446
118	448
118	476
118	478
118	495
118	498
119	141
119	149
121	7
121	10
121	14
121	15
121	21
121	27
121	30
121	31
121	35
121	43
121	53
121	57
121	58
121	59
121	65
121	75
121	82
121	84
121	87
121	88
121	92
121	94
121	98
121	99
121	100
121	101
121	106
121	108
121	110
121	112
121	115
121	117
121	119
121	133
121	134
121	139
121	141
121	143
121	144
121	145
121	148
121	149
121	151
121	152
121	155
121	157
121	159
121	161
121	162
121	163
121	172
121	173
121	174
121	176
121	178
121	180
121	185
121	189
121	194
121	195
121	196
121	197
121	198
121	200
121	207
121	209
121	210
121	212
121	216
121	220
121	227
121	238
121	243
121	248
121	252
121	258
121	261
121	265
121	266
121	268
121	272
121	284
121	291
121	295
121	302
121	303
121	322
121	326
121	340
121	345
121	352
121	353
121	359
121	361
121	364
121	365
121	367
121	373
121	375
121	377
121	386
121	407
121	410
121	412
121	423
121	426
121	428
121	433
121	443
121	445
121	455
121	456
121	460
125	13
125	60
125	114
125	178
125	180
125	214
125	236
125	354
125	405
125	426
125	483
122	118
122	144
122	174
122	320
126	12
126	17
126	23
126	50
126	74
126	83
126	85
126	98
126	123
126	125
126	132
126	134
126	204
126	205
126	215
126	231
126	257
126	283
126	298
126	317
126	325
126	329
126	333
126	338
126	340
126	355
126	370
126	390
126	396
126	409
126	411
126	420
126	426
126	441
126	448
126	463
126	466
126	479
126	484
126	486
126	494
126	497
126	499
127	3
127	13
127	18
127	27
127	30
127	33
127	34
127	35
127	39
127	40
127	47
127	49
127	55
127	63
127	67
127	69
127	72
127	73
127	75
127	76
127	79
127	80
127	87
127	99
127	103
127	107
127	109
127	112
127	118
127	119
127	123
127	128
127	134
127	135
127	136
127	139
127	141
127	148
127	152
127	153
127	154
127	155
127	159
127	168
127	169
127	173
127	174
127	176
127	179
127	186
127	187
127	189
127	193
127	213
127	218
127	224
127	227
127	228
127	229
127	230
127	234
127	235
127	237
127	242
127	244
127	246
127	247
127	248
127	250
127	251
127	254
127	255
127	259
127	266
127	269
127	271
127	272
127	274
127	275
127	276
127	285
127	287
127	288
127	289
127	292
127	293
127	294
127	295
127	297
127	350
127	353
127	384
127	390
127	406
127	441
127	456
127	472
128	13
128	14
128	26
128	28
128	43
128	48
128	57
128	59
128	62
128	79
128	88
128	92
128	106
128	109
128	139
128	155
128	163
128	165
128	217
128	228
128	295
128	326
128	461
128	467
128	473
128	475
128	493
128	496
129	13
129	35
129	44
129	53
129	61
129	82
129	88
129	108
129	115
129	118
129	132
129	144
129	147
129	149
129	168
129	171
129	206
129	259
129	272
129	279
129	295
129	317
129	322
129	326
129	332
129	338
129	340
129	365
129	368
129	382
129	407
129	420
129	422
129	426
129	439
129	448
129	450
129	455
129	460
129	466
129	468
129	487
130	27
130	39
130	44
130	47
130	105
130	109
130	121
130	123
130	127
130	132
130	135
130	146
130	147
130	155
130	168
130	215
130	226
130	231
130	259
130	268
130	295
130	298
130	315
130	329
130	330
130	332
130	350
130	368
130	388
130	390
130	404
130	420
130	426
130	450
130	453
130	455
130	461
130	499
132	10
132	21
132	53
132	54
132	64
132	67
132	96
132	100
132	101
132	115
132	143
132	147
132	157
132	162
132	168
132	171
132	175
132	178
132	182
132	195
132	206
132	226
132	265
132	266
132	278
132	285
132	303
132	322
132	332
132	336
132	350
132	363
132	366
132	373
132	382
132	407
132	410
132	412
132	413
132	420
132	448
132	496
133	12
133	74
133	156
133	207
133	216
133	267
133	338
133	417
133	434
133	437
133	478
134	8
134	10
134	15
134	21
134	27
134	35
134	44
134	48
134	54
134	55
134	56
134	61
134	69
134	71
134	78
134	79
134	80
134	81
134	84
134	86
134	88
134	90
134	92
134	96
134	100
134	101
134	107
134	108
134	109
134	114
134	116
134	120
134	128
134	137
134	140
134	145
134	149
134	151
134	154
134	156
134	157
134	161
134	173
134	174
134	176
134	178
134	180
134	181
134	182
134	183
134	190
134	191
134	193
134	194
134	195
134	203
134	206
134	207
134	208
134	210
134	225
134	229
134	242
134	243
134	249
134	258
134	265
134	268
134	269
134	270
134	272
134	273
134	278
134	279
134	285
134	287
134	288
134	291
134	301
134	309
134	313
134	316
134	318
134	328
134	331
134	344
134	346
134	347
134	348
134	349
134	352
134	353
134	354
134	357
134	363
134	364
134	366
134	367
134	369
134	371
134	373
134	378
134	379
134	408
134	409
134	418
134	421
134	423
134	424
134	430
134	439
134	441
134	452
134	453
134	455
134	465
134	477
134	480
134	493
134	498
135	13
135	30
135	34
135	56
135	65
135	92
135	118
135	128
135	136
135	170
135	190
135	192
135	198
135	230
135	237
135	240
135	245
135	246
135	254
135	269
135	276
135	281
135	292
135	300
135	305
135	318
135	320
135	323
135	364
137	331
138	139
138	298
138	365
138	426
138	498
141	2
141	5
141	8
141	10
141	12
141	13
141	14
141	15
141	18
141	21
141	27
141	28
141	31
141	33
141	34
141	37
141	39
141	40
141	41
141	45
141	46
141	53
141	54
141	55
141	57
141	62
141	63
141	65
141	66
141	69
141	70
141	73
141	75
141	83
141	84
141	85
141	86
141	88
141	90
141	91
141	92
141	95
141	97
141	99
141	103
141	105
141	109
141	110
141	113
141	115
141	118
141	120
141	121
141	125
141	127
141	128
141	130
141	132
141	134
141	137
141	138
141	143
141	144
141	145
141	146
141	150
141	152
141	153
141	154
141	155
141	156
141	157
141	159
141	160
141	161
141	162
141	164
141	168
141	169
141	170
141	173
141	174
141	175
141	176
141	178
141	180
141	181
141	182
141	186
141	188
141	191
141	194
141	195
141	196
141	214
141	218
141	219
141	224
141	226
141	227
141	229
141	230
141	231
141	234
141	236
141	239
141	242
141	243
141	245
141	247
141	254
141	258
141	259
141	260
141	261
141	262
141	263
141	265
141	266
141	267
141	268
141	269
141	272
141	274
141	275
141	277
141	279
141	282
141	284
141	285
141	286
141	289
141	290
141	291
141	293
141	294
141	295
141	298
141	299
141	302
141	303
141	310
141	313
141	315
141	316
141	321
141	322
141	323
141	325
141	327
141	329
141	332
141	334
141	339
141	340
141	344
141	345
141	348
141	350
141	352
141	353
141	358
141	359
141	361
141	363
141	364
141	367
141	371
141	373
141	374
141	378
141	384
141	385
141	390
141	401
141	407
141	410
141	421
141	422
141	426
141	427
141	431
141	434
141	441
141	445
141	446
141	448
141	451
141	455
141	456
141	459
141	462
141	472
141	475
141	484
141	491
141	495
141	499
143	64
143	86
143	88
143	97
143	107
143	118
143	140
143	149
143	176
143	177
143	194
143	225
143	226
143	238
143	332
143	345
143	355
143	368
143	407
143	421
143	422
143	431
143	441
143	461
143	480
143	495
144	3
144	5
144	42
144	118
144	139
144	150
144	168
144	359
144	407
145	7
145	14
145	27
145	33
145	35
145	47
145	49
145	56
145	59
145	73
145	75
145	76
145	89
145	92
145	94
145	99
145	104
145	121
145	127
145	133
145	140
145	141
145	150
145	155
145	159
145	160
145	166
145	168
145	171
145	174
145	178
145	181
145	185
145	188
145	189
145	194
145	197
145	207
145	209
145	217
145	220
145	255
145	258
145	270
145	272
145	301
145	304
145	305
145	326
145	327
145	348
145	350
145	352
145	358
145	441
145	456
146	23
146	278
146	298
148	38
148	79
148	92
147	148
147	156
147	164
147	176
147	232
147	266
147	304
147	338
147	376
147	378
147	389
147	407
147	420
149	2
149	53
149	88
149	97
149	98
149	106
149	123
149	129
149	202
149	206
149	209
149	252
149	282
149	310
149	322
149	332
149	336
149	338
149	339
149	365
149	370
149	420
149	427
149	429
149	437
149	453
149	468
150	2
150	7
150	8
150	14
150	24
150	33
150	35
150	37
150	53
150	57
150	65
150	82
150	84
150	86
150	88
150	89
150	92
150	97
150	99
150	103
150	104
150	108
150	112
150	114
150	115
150	118
150	121
150	124
150	132
150	138
150	144
150	156
150	162
150	163
150	167
150	178
150	185
150	189
150	195
150	200
150	205
150	209
150	214
150	217
150	220
150	225
150	226
150	246
150	262
150	264
150	268
150	303
150	323
150	328
150	330
150	332
150	344
150	363
150	364
150	392
150	395
150	399
150	404
150	410
150	412
150	414
150	420
150	422
150	444
150	448
150	453
150	455
150	457
150	472
150	488
150	495
152	2
152	13
152	40
152	49
152	53
152	55
152	60
152	71
152	73
152	75
152	100
152	114
152	115
152	120
152	121
152	127
152	132
152	134
152	140
152	141
152	150
152	154
152	156
152	168
152	169
152	173
152	174
152	178
152	179
152	180
152	181
152	183
152	193
152	200
152	203
152	206
152	207
152	208
152	214
152	229
152	232
152	240
152	247
152	253
152	254
152	272
152	273
152	274
152	276
152	279
152	281
152	287
152	292
152	297
152	301
152	305
152	322
152	331
152	332
152	350
152	358
152	363
152	364
152	373
152	420
152	423
152	441
152	449
152	459
152	463
152	470
152	487
153	14
153	40
153	47
153	49
153	53
153	82
153	91
153	99
153	112
153	127
153	142
153	187
153	207
153	220
153	230
153	234
153	293
154	2
154	5
154	6
154	8
154	15
154	16
154	18
154	22
154	23
154	26
154	30
154	31
154	34
154	35
154	36
154	37
154	41
154	53
154	54
154	55
154	68
154	69
154	71
154	78
154	82
154	86
154	88
154	90
154	96
154	101
154	104
154	108
154	109
154	118
154	119
154	132
154	134
154	141
154	144
154	155
154	159
154	161
154	162
154	166
154	169
154	173
154	174
154	175
154	182
154	190
154	194
154	207
154	208
154	210
154	225
154	232
154	233
154	234
154	236
154	237
154	241
154	244
154	246
154	247
154	251
154	254
154	255
154	260
154	265
154	272
154	273
154	274
154	277
154	278
154	279
154	281
154	284
154	288
154	290
154	293
154	294
154	298
154	301
154	305
154	311
154	319
154	326
154	329
154	331
154	344
154	345
154	349
154	350
154	351
154	353
154	358
154	360
154	363
154	367
154	372
154	373
154	375
154	377
154	379
154	381
154	387
154	391
154	395
154	398
154	399
154	412
154	413
154	418
154	423
154	429
154	444
154	447
154	448
154	450
154	453
154	456
154	461
154	462
154	464
154	469
154	473
154	475
154	494
155	0
155	1
155	2
155	3
155	4
155	5
155	6
155	7
155	8
155	9
155	10
155	11
155	12
155	13
155	14
155	15
155	16
155	17
155	18
155	19
155	20
155	21
155	22
155	23
155	24
155	25
155	26
155	27
155	28
155	29
155	30
155	31
155	32
155	33
155	34
155	35
155	36
155	37
155	38
155	39
155	40
155	41
155	42
155	43
155	44
155	45
155	46
155	47
155	48
155	49
155	50
155	51
155	52
155	53
155	54
155	55
155	56
155	57
155	58
155	59
155	60
155	61
155	62
155	63
155	64
155	65
155	66
155	67
155	68
155	69
155	70
155	71
155	72
155	73
155	74
155	75
155	76
155	77
155	78
155	79
155	80
155	81
155	82
155	83
155	84
155	85
155	86
155	87
155	88
155	89
155	90
155	91
155	92
155	93
155	94
155	95
155	96
155	97
155	98
155	99
155	100
155	101
155	102
155	103
155	104
155	105
155	106
155	107
155	108
155	109
155	110
155	111
155	112
155	113
155	114
155	115
155	116
155	117
155	118
155	119
155	120
155	121
155	122
155	123
155	124
155	125
155	126
155	127
155	128
155	129
155	130
155	131
155	132
155	133
155	134
155	135
155	136
155	137
155	138
155	139
155	140
155	141
155	142
155	143
155	144
155	145
155	146
155	147
155	148
155	149
155	150
155	151
155	152
155	153
155	154
155	156
155	157
155	158
155	159
155	160
155	161
155	162
155	163
155	164
155	165
155	166
155	167
155	168
155	169
155	170
155	171
155	172
155	173
155	174
155	175
155	176
155	177
155	178
155	179
155	180
155	181
155	182
155	183
155	184
155	185
155	186
155	187
155	188
155	189
155	190
155	191
155	192
155	193
155	194
155	195
155	196
155	197
155	198
155	199
155	200
155	201
155	202
155	203
155	204
155	205
155	206
155	207
155	208
155	209
155	210
155	211
155	212
155	213
155	214
155	215
155	216
155	217
155	218
155	219
155	220
155	221
155	222
155	223
155	224
155	225
155	226
155	227
155	228
155	229
155	230
155	231
155	232
155	233
155	234
155	235
155	236
155	237
155	238
155	239
155	240
155	241
155	242
155	243
155	244
155	245
155	246
155	247
155	248
155	249
155	250
155	251
155	252
155	253
155	254
155	255
155	256
155	257
155	258
155	259
155	260
155	261
155	262
155	263
155	264
155	265
155	266
155	267
155	268
155	269
155	270
155	271
155	272
155	273
155	274
155	275
155	276
155	277
155	278
155	279
155	280
155	281
155	282
155	283
155	284
155	285
155	286
155	287
155	288
155	289
155	290
155	291
155	292
155	293
155	294
155	295
155	296
155	297
155	298
155	299
155	300
155	301
155	302
155	303
155	304
155	305
155	306
155	307
155	308
155	309
155	310
155	311
155	312
155	313
155	314
155	315
155	316
155	317
155	318
155	319
155	320
155	321
155	322
155	323
155	324
155	325
155	326
155	327
155	328
155	329
155	330
155	331
155	332
155	333
155	334
155	335
155	336
155	337
155	338
155	339
155	340
155	341
155	342
155	343
155	344
155	345
155	346
155	347
155	348
155	349
155	350
155	351
155	352
155	353
155	354
155	355
155	356
155	357
155	358
155	359
155	360
155	361
155	362
155	363
155	364
155	365
155	366
155	367
155	368
155	369
155	370
155	371
155	372
155	373
155	374
155	375
155	376
155	377
155	378
155	379
155	380
155	381
155	382
155	383
155	384
155	385
155	386
155	387
155	388
155	389
155	390
155	391
155	392
155	393
155	394
155	395
155	396
155	397
155	398
155	399
155	400
155	401
155	402
155	403
155	404
155	405
155	406
155	407
155	408
155	409
155	410
155	411
155	412
155	413
155	414
155	415
155	416
155	417
155	418
155	419
155	420
155	421
155	422
155	423
155	424
155	425
155	426
155	427
155	428
155	429
155	430
155	431
155	432
155	433
155	434
155	435
155	436
155	437
155	438
155	439
155	440
155	441
155	442
155	443
155	444
155	445
155	446
155	447
155	448
155	449
155	450
155	451
155	452
155	453
155	454
155	455
155	456
155	457
155	458
155	459
155	460
155	461
155	462
155	463
155	464
155	465
155	466
155	467
155	468
155	469
155	470
155	471
155	472
155	473
155	474
155	475
155	476
155	477
155	478
155	479
155	480
155	481
155	482
155	483
155	484
155	485
155	486
155	487
155	488
155	489
155	490
155	491
155	492
155	493
155	494
155	495
155	496
155	497
155	498
155	499
156	0
156	14
156	21
156	27
156	30
156	35
156	39
156	40
156	47
156	56
156	60
156	61
156	62
156	63
156	72
156	77
156	80
156	87
156	89
156	96
156	98
156	99
156	104
156	107
156	119
156	122
156	123
156	128
156	129
156	132
156	134
156	135
156	139
156	140
156	150
156	158
156	160
156	168
156	169
156	171
156	174
156	178
156	179
156	181
156	183
156	184
156	185
156	187
156	188
156	191
156	193
156	200
156	209
156	210
156	212
156	215
156	216
156	217
156	226
156	227
156	228
156	232
156	234
156	237
156	248
156	258
156	264
156	271
156	278
156	279
156	280
156	281
156	283
156	285
156	286
156	291
156	304
156	309
156	328
156	332
156	344
156	348
156	350
156	370
156	377
156	386
156	396
156	415
156	416
156	417
156	426
156	433
156	434
156	435
156	464
156	499
157	13
157	53
157	88
157	92
157	98
157	101
157	108
157	121
157	122
157	132
157	149
157	151
157	160
157	168
157	171
157	173
157	195
157	206
157	243
157	258
157	265
157	268
157	270
157	279
157	285
157	295
157	303
157	305
157	321
157	326
157	331
157	336
157	353
157	359
157	363
157	367
157	371
157	407
157	420
157	422
157	423
157	426
157	448
157	486
157	496
158	74
158	105
158	128
158	135
158	437
158	448
159	0
159	14
159	42
159	67
159	69
159	89
159	117
159	121
159	134
159	168
159	174
159	185
159	194
159	209
159	210
159	222
159	230
159	243
159	266
159	285
159	373
160	8
160	10
160	12
160	18
160	21
160	27
160	35
160	88
160	92
160	99
160	109
160	112
160	117
160	132
160	133
160	142
160	151
160	156
160	157
160	168
160	188
160	195
160	219
160	243
160	258
160	270
160	279
160	315
160	331
160	359
160	363
160	423
160	441
161	35
161	40
161	52
161	75
161	94
161	99
161	105
161	112
161	121
161	123
161	132
161	147
161	154
161	157
161	168
161	176
161	195
161	207
161	272
161	279
161	285
161	302
161	322
161	332
161	338
161	353
161	367
161	373
161	445
161	446
162	290
140	0
140	2
140	5
140	7
140	8
140	9
140	11
140	12
140	13
140	14
140	33
140	34
140	37
140	40
140	42
140	43
140	45
140	47
140	48
140	53
140	58
140	63
140	65
140	67
140	69
140	72
140	73
140	75
140	76
140	80
140	88
140	91
140	92
140	95
140	97
140	99
140	101
140	103
140	104
140	106
140	107
140	109
140	112
140	115
140	117
140	121
140	127
140	128
140	132
140	133
140	142
140	143
140	152
140	153
140	156
140	159
140	160
140	163
140	166
140	168
140	169
140	171
140	174
140	179
140	187
140	189
140	192
140	198
140	207
140	209
140	210
140	211
140	212
140	213
140	216
140	217
140	218
140	220
140	224
140	227
140	230
140	232
140	235
140	241
140	242
140	244
140	246
140	254
140	259
140	265
140	269
140	271
140	272
140	276
140	285
140	300
140	301
140	302
140	304
140	332
140	359
140	368
140	409
140	422
140	423
140	430
140	431
140	432
140	441
140	448
140	457
140	459
140	495
163	8
163	13
163	260
163	478
164	7
164	27
164	35
164	62
164	75
164	92
164	96
164	99
164	107
164	118
164	129
164	147
164	150
164	152
164	156
164	160
164	168
164	189
164	226
164	235
164	244
164	269
164	271
164	300
164	329
164	348
164	361
164	370
164	374
164	394
164	395
164	402
164	448
164	468
165	12
165	14
165	34
165	35
165	52
165	118
165	128
165	132
165	147
165	155
165	159
165	160
165	168
165	227
165	229
165	232
165	235
165	328
165	331
165	336
165	339
165	364
165	396
165	416
165	462
166	14
166	58
166	59
166	79
166	89
166	104
166	118
166	133
166	149
166	168
166	180
166	187
166	202
166	207
166	212
166	269
166	285
166	363
166	426
167	2
167	7
167	12
167	35
167	54
167	56
167	80
167	100
167	110
167	119
167	128
167	132
167	135
167	142
167	149
167	155
167	157
167	162
167	168
167	172
167	173
167	180
167	195
167	208
167	221
167	229
167	234
167	237
167	265
167	301
167	302
167	306
167	314
167	316
167	350
167	356
167	367
167	402
167	403
167	407
167	421
167	426
167	437
167	441
167	444
167	464
167	466
167	476
169	9
169	14
169	34
169	49
169	55
169	67
169	75
169	92
169	109
169	152
169	154
169	159
169	166
169	168
169	192
169	218
169	227
169	244
169	246
169	247
169	251
169	254
169	269
169	274
169	281
169	289
169	309
169	344
169	371
169	482
170	0
170	3
170	34
170	58
170	87
170	99
170	112
170	135
170	139
170	142
170	212
170	230
171	2
171	4
171	5
171	7
171	8
171	10
171	12
171	13
171	15
171	18
171	21
171	27
171	28
171	35
171	36
171	41
171	44
171	47
171	49
171	53
171	54
171	62
171	64
171	66
171	68
171	69
171	70
171	71
171	79
171	81
171	84
171	86
171	88
171	96
171	97
171	99
171	100
171	103
171	104
171	106
171	108
171	109
171	110
171	113
171	114
171	117
171	119
171	121
171	122
171	128
171	130
171	132
171	134
171	135
171	143
171	145
171	148
171	149
171	150
171	151
171	155
171	156
171	157
171	160
171	162
171	165
171	167
171	168
171	172
171	173
171	176
171	178
171	179
171	180
171	182
171	185
171	189
171	191
171	194
171	195
171	196
171	211
171	212
171	214
171	221
171	226
171	229
171	234
171	243
171	248
171	252
171	258
171	259
171	260
171	261
171	263
171	264
171	265
171	266
171	268
171	269
171	270
171	275
171	278
171	284
171	285
171	286
171	288
171	289
171	291
171	296
171	297
171	300
171	301
171	302
171	303
171	305
171	306
171	310
171	315
171	317
171	319
171	321
171	322
171	326
171	327
171	328
171	330
171	331
171	335
171	336
171	344
171	346
171	347
171	348
171	349
171	350
171	355
171	356
171	357
171	359
171	360
171	362
171	363
171	365
171	366
171	367
171	368
171	369
171	371
171	373
171	375
171	378
171	379
171	380
171	386
171	388
171	391
171	394
171	399
171	400
171	401
171	402
171	403
171	404
171	406
171	409
171	410
171	411
171	412
171	415
171	416
171	418
171	422
171	426
171	428
171	430
171	431
171	435
171	438
171	439
171	445
171	446
171	448
171	450
171	452
171	455
171	456
171	457
171	458
171	459
171	460
171	462
171	465
171	473
171	478
171	482
171	483
171	486
171	487
171	488
171	491
171	497
171	499
173	2
173	8
173	12
173	15
173	27
173	33
173	35
173	37
173	53
173	62
173	67
173	78
173	86
173	88
173	96
173	100
173	105
173	108
173	110
173	121
173	123
173	127
173	132
173	134
173	141
173	149
173	151
173	155
173	156
173	157
173	160
173	168
173	172
173	174
173	176
173	178
173	181
173	182
173	185
173	186
173	194
173	196
173	226
173	231
173	234
173	243
173	258
173	259
173	260
173	265
173	266
173	268
173	275
173	278
173	284
173	285
173	286
173	294
173	295
173	303
173	305
173	327
173	330
173	331
173	332
173	336
173	338
173	342
173	345
173	346
173	350
173	352
173	353
173	357
173	361
173	363
173	364
173	366
173	367
173	371
173	373
173	378
173	384
173	394
173	396
173	401
173	410
173	428
173	441
173	445
173	446
173	448
173	456
173	465
173	495
175	13
175	30
175	37
175	39
175	73
175	101
175	127
175	154
175	172
175	178
175	202
175	252
175	279
175	315
175	317
175	322
175	332
175	334
175	426
175	427
175	450
176	2
176	21
176	35
176	81
176	108
176	110
176	115
176	119
176	134
176	141
176	156
176	168
176	172
176	174
176	185
176	194
176	196
176	206
176	258
176	262
176	278
176	294
176	303
176	305
176	327
176	350
176	359
176	360
176	361
176	363
176	371
176	464
176	465
176	493
177	1
177	2
177	6
177	8
177	13
177	20
177	22
177	24
177	26
177	27
177	28
177	36
177	44
177	51
177	61
177	62
177	66
177	68
177	70
177	71
177	78
177	83
177	84
177	85
177	90
177	96
177	100
177	106
177	108
177	110
177	114
177	115
177	119
177	125
177	134
177	137
177	141
177	147
177	148
177	155
177	158
177	172
177	173
177	174
177	176
177	181
177	182
177	183
177	184
177	185
177	186
177	194
177	196
177	208
177	229
177	236
177	239
177	248
177	256
177	257
177	258
177	261
177	280
177	283
177	284
177	294
177	296
177	305
177	308
177	310
177	317
177	319
177	322
177	326
177	332
177	334
177	335
177	336
177	340
177	343
177	353
177	355
177	358
177	363
177	364
177	366
177	370
177	372
177	374
177	375
177	376
177	379
177	380
177	385
177	386
177	393
177	394
177	395
177	399
177	400
177	405
177	415
177	416
177	417
177	419
177	420
177	421
177	423
177	426
177	429
177	434
177	435
177	441
177	442
177	444
177	448
177	461
177	463
177	466
177	467
177	468
177	474
177	477
177	479
177	481
177	483
177	485
177	487
177	488
177	490
177	495
177	498
179	109
181	11
181	15
181	18
181	27
181	33
181	34
181	35
181	36
181	40
181	45
181	47
181	53
181	54
181	67
181	69
181	76
181	86
181	90
181	91
181	100
181	103
181	104
181	107
181	108
181	114
181	115
181	119
181	124
181	127
181	140
181	141
181	149
181	150
181	153
181	154
181	155
181	156
181	162
181	167
181	168
181	171
181	174
181	178
181	182
181	185
181	187
181	188
181	190
181	191
181	202
181	204
181	214
181	218
181	223
181	232
181	234
181	248
181	259
181	265
181	266
181	269
181	272
181	274
181	276
181	281
181	284
181	291
181	293
181	300
181	301
181	304
181	314
181	323
181	327
181	338
181	345
181	359
181	373
181	381
181	395
181	410
181	414
181	423
181	468
190	6
190	171
190	257
190	270
190	426
188	2
188	4
188	10
188	15
188	21
188	24
188	26
188	27
188	31
188	35
188	54
188	56
188	60
188	64
188	68
188	71
188	81
188	84
188	86
188	90
188	94
188	100
188	101
188	108
188	110
188	114
188	115
188	119
188	120
188	121
188	122
188	130
188	134
188	135
188	141
188	143
188	145
188	149
188	150
188	151
188	157
188	160
188	161
188	162
188	165
188	167
188	168
188	173
188	174
188	175
188	176
188	178
188	180
188	181
188	182
188	185
188	190
188	191
188	194
188	195
188	196
188	208
188	214
188	225
188	232
188	236
188	238
188	243
188	248
188	249
188	252
188	258
188	259
188	260
188	261
188	262
188	263
188	264
188	265
188	266
188	268
188	270
188	275
188	278
188	284
188	285
188	291
188	294
188	300
188	302
188	303
188	305
188	309
188	312
188	313
188	314
188	316
188	318
188	322
188	326
188	327
188	328
188	344
188	345
188	346
188	348
188	349
188	350
188	351
188	352
188	354
188	357
188	358
188	363
188	364
188	366
188	367
188	368
188	372
188	375
188	378
188	379
188	381
188	388
188	392
188	394
188	395
188	397
188	398
188	406
188	407
188	409
188	410
188	412
188	421
188	424
188	425
188	428
188	431
188	436
188	438
188	439
188	444
188	445
188	446
188	448
188	450
188	453
188	456
188	458
188	460
188	462
188	467
182	2
182	8
182	10
182	11
182	13
182	15
182	18
182	27
182	33
182	35
182	40
182	45
182	47
182	49
182	54
182	60
182	62
182	71
182	73
182	76
182	86
182	91
182	95
182	103
182	104
182	105
182	114
182	115
182	120
182	121
182	122
182	124
182	135
182	136
182	141
182	145
182	150
182	153
182	155
182	156
182	157
182	160
182	167
182	168
182	171
182	173
182	174
182	176
182	178
182	179
182	180
182	187
182	188
182	190
182	191
182	193
182	197
182	206
182	208
182	214
182	223
182	224
182	229
182	232
182	234
182	241
182	259
182	260
182	262
182	263
182	264
182	268
182	270
182	279
182	285
182	287
182	288
182	290
182	292
182	293
182	297
182	299
182	300
182	304
182	309
182	313
182	317
182	318
182	320
182	321
182	323
182	328
182	330
182	331
182	340
182	344
182	348
182	349
182	350
182	351
182	354
182	356
182	370
182	372
182	377
182	379
182	386
182	392
182	398
182	410
182	412
182	468
183	56
183	122
183	171
183	176
183	179
183	190
183	197
183	309
183	313
183	316
183	320
183	323
183	357
178	2
178	4
178	8
178	11
178	12
178	13
178	15
178	18
178	26
178	27
178	33
178	41
178	45
178	56
178	67
178	68
178	69
178	72
178	76
178	84
178	88
178	90
178	91
178	95
178	96
178	97
178	101
178	104
178	108
178	118
178	119
178	120
178	121
178	124
178	129
178	132
178	134
178	140
178	141
178	143
178	145
178	147
178	150
178	153
178	156
178	158
178	159
178	160
178	162
178	164
178	168
178	171
178	173
178	174
178	176
178	182
178	185
178	187
178	190
178	191
178	196
178	197
178	205
178	214
178	218
178	219
178	224
178	226
178	229
178	232
178	234
178	241
178	258
178	261
178	262
178	263
178	267
178	270
178	279
178	284
178	286
178	292
178	295
178	297
178	300
178	304
178	314
178	316
178	322
178	326
178	328
178	330
178	331
178	332
178	340
178	343
178	344
178	345
178	349
178	350
178	352
178	353
178	355
178	363
178	364
178	365
178	377
178	385
178	394
178	398
178	404
178	406
178	429
178	439
178	457
178	473
178	474
178	483
178	488
178	491
178	495
178	496
184	12
184	35
184	74
184	110
184	120
184	132
184	141
184	176
184	188
184	190
184	243
184	261
184	265
184	279
184	304
184	306
184	338
184	352
184	395
184	414
184	444
184	455
184	485
180	11
180	12
180	52
180	74
180	120
180	132
180	140
180	171
180	190
180	199
180	219
180	279
180	280
180	283
180	304
180	325
180	338
180	370
180	380
180	448
180	455
185	2
185	4
185	8
185	12
185	18
185	22
185	23
185	27
185	31
185	38
185	47
185	53
185	54
185	56
185	68
185	73
185	84
185	88
185	94
185	100
185	108
185	113
185	114
185	115
185	119
185	121
185	123
185	127
185	129
185	134
185	135
185	136
185	137
185	141
185	145
185	147
185	150
185	153
185	156
185	157
185	160
185	162
185	168
185	171
185	173
185	174
185	176
185	180
185	190
185	196
185	205
185	214
185	215
185	219
185	238
185	243
185	248
185	257
185	258
185	259
185	260
185	261
185	262
185	264
185	270
185	280
185	283
185	284
185	285
185	291
185	321
185	322
185	323
185	328
185	330
185	331
185	332
185	333
185	338
185	340
185	344
185	350
185	352
185	353
185	359
185	361
185	363
185	364
185	365
185	367
185	370
185	374
185	376
185	389
185	396
185	398
185	411
185	426
185	443
185	446
185	448
185	450
185	455
185	458
185	462
185	486
186	11
186	12
186	13
186	18
186	28
186	33
186	45
186	62
186	74
186	95
186	96
186	103
186	105
186	120
186	121
186	123
186	124
186	141
186	156
186	168
186	171
186	173
186	190
186	191
186	206
186	231
186	232
186	263
186	264
186	266
186	275
186	286
186	289
186	294
186	295
186	300
186	314
186	316
186	318
186	322
186	330
186	338
186	353
186	361
186	375
186	384
186	390
186	401
186	441
186	448
186	456
186	457
186	468
187	21
187	35
187	53
187	56
187	70
187	88
187	94
187	96
187	104
187	118
187	121
187	134
187	149
187	151
187	155
187	157
187	168
187	174
187	176
187	190
187	202
187	206
187	229
187	258
187	265
187	266
187	270
187	278
187	295
187	301
187	303
187	353
187	359
187	367
187	369
187	373
187	431
187	441
187	455
187	456
187	462
192	244
193	71
193	248
193	249
193	296
193	331
193	392
193	399
194	12
194	30
194	40
194	69
194	79
194	107
194	113
194	115
194	121
194	140
194	141
194	145
194	157
194	159
194	173
194	243
194	259
194	268
194	304
194	305
194	327
194	338
194	350
194	352
194	445
194	456
194	478
196	21
196	24
196	35
196	66
196	68
196	97
196	110
196	113
196	114
196	121
196	134
196	141
196	145
196	155
196	157
196	168
196	171
196	174
196	176
196	181
196	183
196	185
196	195
196	229
196	236
196	248
196	249
196	258
196	259
196	261
196	265
196	266
196	284
196	285
196	286
196	291
196	296
196	302
196	303
196	304
196	314
196	322
196	326
196	327
196	331
196	345
196	346
196	350
196	352
196	361
196	362
196	363
196	373
196	377
196	378
196	379
196	386
196	394
196	407
196	423
196	430
196	448
196	449
196	453
196	455
196	473
196	475
196	491
195	15
195	53
195	88
195	89
195	109
195	121
195	140
195	157
195	160
195	161
195	171
195	212
195	216
195	222
195	236
195	243
195	304
195	359
195	398
195	423
195	496
199	58
200	9
200	34
200	48
200	55
200	58
200	63
200	65
200	75
200	87
200	92
200	99
200	112
200	118
200	128
200	135
200	150
200	152
200	154
200	163
200	169
200	189
200	192
200	208
200	209
200	210
200	213
200	220
200	227
200	230
200	234
200	235
200	237
200	240
200	244
200	246
200	247
200	251
200	255
201	439
202	56
202	74
202	92
202	99
202	115
202	121
202	133
202	156
202	178
202	203
202	226
202	272
202	279
202	322
202	326
202	332
202	338
202	361
202	448
202	459
202	475
205	148
205	309
205	435
205	445
206	2
206	8
206	10
206	11
206	13
206	16
206	18
206	21
206	27
206	35
206	40
206	53
206	54
206	56
206	64
206	68
206	69
206	71
206	76
206	81
206	83
206	84
206	90
206	91
206	92
206	95
206	96
206	98
206	99
206	100
206	104
206	109
206	115
206	117
206	119
206	132
206	134
206	140
206	145
206	147
206	149
206	150
206	151
206	156
206	157
206	159
206	160
206	168
206	169
206	171
206	174
206	176
206	178
206	179
206	183
206	185
206	187
206	188
206	191
206	196
206	207
206	221
206	224
206	229
206	232
206	234
206	241
206	248
206	258
206	260
206	264
206	265
206	268
206	270
206	275
206	278
206	279
206	284
206	285
206	286
206	294
206	301
206	303
206	304
206	309
206	316
206	317
206	320
206	322
206	327
206	328
206	331
206	332
206	340
206	343
206	344
206	345
206	346
206	347
206	350
206	351
206	353
206	357
206	362
206	363
206	366
206	373
206	377
206	378
206	379
206	391
206	394
206	402
206	408
206	414
206	416
206	418
206	441
206	448
206	451
206	478
206	486
206	499
211	88
211	132
211	137
211	338
211	359
211	365
211	426
211	466
211	468
211	493
151	121
151	206
151	212
151	322
151	361
151	367
213	34
213	56
213	67
213	89
213	117
213	118
213	168
213	185
213	269
214	53
214	56
214	86
214	178
214	216
214	262
214	300
214	331
214	350
214	357
214	410
214	499
215	3
215	7
215	12
215	13
215	14
215	18
215	30
215	34
215	65
215	81
215	90
215	99
215	109
215	117
215	118
215	123
215	135
215	149
215	168
215	174
215	189
215	220
215	224
215	228
215	229
215	230
215	236
215	246
215	253
215	269
215	271
215	273
215	274
215	275
215	276
215	327
215	399
215	423
215	441
174	4
174	8
174	13
174	15
174	16
174	33
174	34
174	35
174	40
174	47
174	53
174	60
174	68
174	72
174	73
174	78
174	81
174	84
174	87
174	91
174	96
174	101
174	108
174	115
174	116
174	119
174	127
174	134
174	135
174	139
174	141
174	144
174	145
174	149
174	153
174	156
174	157
174	168
174	173
174	176
174	179
174	180
174	181
174	182
174	185
174	187
174	191
174	193
174	195
174	214
174	216
174	224
174	225
174	229
174	230
174	243
174	258
174	259
174	261
174	266
174	274
174	279
174	287
174	288
174	291
174	301
174	302
174	312
174	322
174	327
174	347
174	352
174	353
174	355
174	359
174	360
174	373
174	377
174	379
174	381
174	386
174	403
174	409
174	412
174	422
174	423
174	439
174	440
174	453
208	71
208	155
208	182
208	236
208	296
208	346
208	378
208	399
218	65
218	92
218	118
218	152
218	154
218	227
220	285
220	383
219	9
219	27
219	109
219	121
219	129
219	140
219	160
219	168
219	181
219	220
219	232
219	247
219	282
219	345
219	352
219	368
219	396
219	416
219	498
221	30
221	35
221	48
221	56
221	114
221	149
221	157
221	159
221	176
221	178
221	194
221	195
221	236
221	243
221	255
221	285
221	350
221	364
221	407
222	228
222	230
223	12
223	20
223	65
223	69
223	124
223	141
223	143
223	144
223	149
223	224
223	226
223	242
223	289
223	370
223	390
223	426
223	468
223	484
224	112
224	179
224	279
224	287
224	299
225	13
225	15
225	26
225	31
225	37
225	70
225	71
225	85
225	96
225	97
225	105
225	112
225	116
225	121
225	132
225	141
225	143
225	144
225	147
225	148
225	150
225	155
225	157
225	195
225	202
225	206
225	226
225	229
225	243
225	252
225	259
225	265
225	268
225	272
225	277
225	289
225	296
225	302
225	303
225	314
225	315
225	322
225	327
225	328
225	331
225	332
225	335
225	336
225	344
225	347
225	348
225	358
225	359
225	361
225	367
225	371
225	373
225	381
225	384
225	391
225	395
225	398
225	402
225	404
225	410
225	413
225	414
225	420
225	421
225	424
225	425
225	426
225	428
225	429
225	430
225	431
225	436
225	438
225	439
225	445
225	446
225	448
225	454
225	456
225	462
225	463
225	467
225	468
225	473
225	474
225	475
225	476
225	477
225	480
225	488
225	489
225	493
225	495
225	496
225	498
226	2
226	3
226	5
226	10
226	11
226	12
226	13
226	15
226	16
226	18
226	26
226	30
226	31
226	33
226	35
226	37
226	38
226	39
226	40
226	41
226	44
226	45
226	47
226	52
226	54
226	55
226	60
226	61
226	62
226	64
226	70
226	71
226	72
226	76
226	79
226	80
226	86
226	88
226	91
226	94
226	95
226	97
226	101
226	103
226	104
226	106
226	107
226	108
226	109
226	110
226	114
226	115
226	118
226	120
226	121
226	125
226	126
226	127
226	129
226	130
226	131
226	132
226	134
226	138
226	139
226	140
226	141
226	143
226	147
226	151
226	153
226	154
226	157
226	158
226	161
226	165
226	166
226	168
226	171
226	173
226	175
226	176
226	179
226	184
226	186
226	187
226	188
226	189
226	191
226	193
226	195
226	202
226	206
226	213
226	214
226	228
226	229
226	230
226	232
226	238
226	241
226	242
226	243
226	244
226	245
226	247
226	250
226	251
226	252
226	254
226	255
226	258
226	259
226	261
226	263
226	265
226	266
226	268
226	269
226	270
226	271
226	272
226	273
226	274
226	277
226	278
226	279
226	280
226	283
226	284
226	285
226	287
226	288
226	290
226	292
226	293
226	295
226	299
226	300
226	301
226	302
226	303
226	305
226	306
226	310
226	312
226	318
226	322
226	325
226	331
226	332
226	333
226	334
226	337
226	338
226	353
226	358
226	359
226	361
226	367
226	370
226	373
226	375
226	381
226	382
226	384
226	390
226	391
226	393
226	395
226	396
226	397
226	398
226	399
226	401
226	404
226	406
226	407
226	409
226	410
226	412
226	413
226	414
226	418
226	421
226	422
226	423
226	424
226	426
226	428
226	430
226	431
226	436
226	438
226	439
226	442
226	444
226	445
226	446
226	447
226	448
226	451
226	456
226	457
226	458
226	459
226	460
226	463
226	464
226	466
226	468
226	478
226	489
226	490
226	495
228	182
229	2
229	4
229	5
229	21
229	33
229	35
229	53
229	54
229	56
229	63
229	64
229	69
229	79
229	88
229	94
229	99
229	159
229	160
229	168
229	171
229	174
229	176
229	206
229	213
229	235
229	279
229	301
229	373
229	455
231	12
231	38
231	69
231	95
231	105
231	130
231	132
231	141
231	147
231	149
231	168
231	171
231	174
231	176
231	187
231	271
231	286
231	289
231	303
231	322
231	329
231	332
231	338
231	370
231	383
231	411
231	420
231	441
231	448
231	468
231	496
232	40
232	45
232	47
232	67
232	69
232	70
232	80
232	95
232	104
232	107
232	120
232	124
232	127
232	135
232	138
232	140
232	156
232	159
232	168
232	174
232	193
232	229
232	263
232	264
232	271
232	272
232	281
232	304
232	426
232	453
232	488
233	63
234	63
234	128
234	235
236	30
236	35
236	67
236	108
236	109
236	116
236	121
236	128
236	134
236	140
236	141
236	149
236	157
236	173
236	176
236	195
236	247
236	251
236	263
236	266
236	268
236	285
236	304
236	326
236	336
236	350
236	353
236	361
236	372
236	378
238	13
238	26
238	30
238	35
238	53
238	62
238	71
238	79
238	97
238	121
238	141
238	152
238	155
238	160
238	171
238	180
238	227
238	242
238	243
238	268
238	275
238	288
238	295
238	315
238	326
238	329
238	331
238	336
238	345
238	353
238	358
238	361
238	367
238	369
238	372
238	375
238	395
238	419
238	420
238	433
238	448
238	452
238	457
238	459
238	473
238	474
238	488
239	4
239	5
239	8
239	13
239	15
239	19
239	23
239	26
239	27
239	30
239	54
239	56
239	68
239	80
239	84
239	86
239	90
239	95
239	101
239	106
239	107
239	114
239	115
239	119
239	120
239	122
239	137
239	141
239	145
239	155
239	156
239	159
239	160
239	167
239	168
239	173
239	176
239	178
239	180
239	185
239	188
239	194
239	223
239	232
239	238
239	243
239	248
239	249
239	250
239	258
239	260
239	266
239	268
239	274
239	284
239	285
239	291
239	298
239	309
239	321
239	327
239	328
239	345
239	348
239	358
239	379
239	386
239	389
239	391
239	392
239	394
239	399
239	407
239	431
239	443
239	445
239	446
239	450
239	491
241	28
241	44
241	97
241	115
241	152
241	156
241	168
241	178
241	206
241	348
241	367
241	420
241	463
241	488
241	498
243	23
243	33
243	79
243	88
243	94
243	103
243	109
243	118
243	121
243	134
243	140
243	145
243	157
243	160
243	168
243	169
243	194
243	195
243	206
243	218
243	224
243	258
243	278
243	279
243	285
243	286
243	304
243	322
243	326
243	331
243	350
243	371
243	373
243	407
243	409
243	410
243	456
243	462
243	465
243	478
243	496
243	497
246	10
246	13
246	27
246	40
246	47
246	56
246	60
246	69
246	83
246	95
246	103
246	107
246	111
246	115
246	150
246	156
246	164
246	173
246	177
246	187
246	204
246	245
246	266
246	279
246	285
246	304
246	305
246	307
246	318
246	326
246	336
246	338
246	344
246	348
246	350
246	358
246	359
246	373
246	441
246	446
246	448
246	454
246	470
247	12
247	15
247	31
247	32
247	36
247	38
247	41
247	53
247	61
247	62
247	70
247	74
247	84
247	94
247	96
247	97
247	105
247	106
247	121
247	125
247	126
247	129
247	146
247	148
247	155
247	156
247	158
247	164
247	165
247	169
247	173
247	184
247	186
247	195
247	205
247	211
247	215
247	219
247	225
247	226
247	231
247	238
247	243
247	248
247	252
247	257
247	267
247	268
247	279
247	280
247	282
247	286
247	288
247	289
247	295
247	302
247	314
247	315
247	317
247	322
247	329
247	331
247	333
247	334
247	335
247	336
247	338
247	341
247	353
247	358
247	359
247	361
247	365
247	367
247	369
247	371
247	373
247	375
247	376
247	380
247	382
247	384
247	390
247	397
247	398
247	401
247	405
247	409
247	410
247	411
247	412
247	414
247	415
247	416
247	418
247	425
247	426
247	427
247	428
247	429
247	431
247	432
247	438
247	441
247	445
247	451
247	455
247	457
247	458
247	459
247	460
247	463
247	464
247	465
247	466
247	467
247	468
247	472
247	478
247	480
247	482
247	486
247	487
247	489
247	490
247	491
247	493
247	494
247	496
247	499
249	13
249	78
249	155
249	202
249	250
249	252
249	281
249	345
249	359
249	382
249	430
249	439
254	253
253	88
253	243
253	254
253	359
253	367
253	388
253	446
255	15
255	56
255	118
255	168
255	215
255	369
255	448
259	5
259	10
259	107
259	118
259	132
259	173
259	410
259	448
256	4
256	27
256	56
256	68
256	90
256	96
256	103
256	118
256	134
256	178
256	179
256	193
256	214
256	224
256	264
256	289
256	305
256	309
256	314
256	328
256	338
256	361
257	118
257	125
257	338
260	2
260	8
260	13
260	21
260	44
260	97
260	108
260	114
260	115
260	118
260	121
260	137
260	144
260	155
260	156
260	157
260	173
260	178
260	180
260	185
260	282
260	288
260	289
260	291
260	305
260	356
260	370
260	373
260	395
260	473
260	474
260	475
260	478
260	482
260	495
260	496
258	5
258	8
258	21
258	37
258	40
258	53
258	88
258	101
258	109
258	115
258	118
258	140
258	156
258	157
258	160
258	168
258	174
258	188
258	265
258	270
258	303
258	304
258	313
258	330
258	352
258	359
258	363
258	423
261	10
261	15
261	21
261	27
261	34
261	35
261	37
261	53
261	56
261	64
261	67
261	68
261	69
261	74
261	78
261	84
261	95
261	98
261	100
261	107
261	108
261	110
261	115
261	119
261	120
261	124
261	134
261	141
261	145
261	151
261	155
261	162
261	173
261	174
261	176
261	178
261	180
261	181
261	185
261	187
261	189
261	192
261	194
261	196
261	208
261	213
261	248
261	249
261	255
261	258
261	259
261	260
261	265
261	266
261	268
261	270
261	271
261	275
261	278
261	279
261	282
261	284
261	285
261	291
261	294
261	300
261	304
261	309
261	318
261	321
261	322
261	323
261	327
261	328
261	330
261	344
261	345
261	346
261	351
261	352
261	353
261	358
261	363
261	364
261	366
261	373
261	377
261	378
261	381
261	386
261	394
261	399
261	404
261	406
261	407
261	410
261	413
261	478
189	5
189	15
189	18
189	31
189	40
189	44
189	49
189	53
189	56
189	60
189	76
189	80
189	88
189	103
189	105
189	107
189	113
189	120
189	121
189	122
189	124
189	125
189	130
189	132
189	140
189	147
189	149
189	155
189	159
189	160
189	166
189	168
189	169
189	173
189	179
189	205
189	224
189	232
189	243
189	252
189	257
189	263
189	265
189	271
189	272
189	277
189	289
189	302
189	306
189	321
189	328
189	331
189	337
189	350
189	353
189	361
189	371
189	373
189	426
189	428
189	431
189	436
189	439
189	440
189	441
189	446
189	447
189	461
189	463
189	468
189	473
189	481
189	482
189	488
262	40
262	69
262	80
262	109
262	155
262	167
262	173
262	189
262	248
262	272
262	278
262	281
262	288
262	323
262	328
262	353
262	358
262	378
262	393
263	11
263	18
263	33
263	40
263	45
263	47
263	56
263	60
263	67
263	69
263	72
263	73
263	76
263	91
263	95
263	103
263	104
263	120
263	121
263	124
263	127
263	140
263	156
263	159
263	160
263	167
263	168
263	171
263	187
263	188
263	189
263	191
263	218
263	224
263	229
263	232
263	241
263	264
263	270
263	279
263	281
263	299
263	300
263	301
263	304
263	318
263	323
263	350
264	4
264	120
264	189
264	434
265	11
265	27
265	34
265	35
265	37
265	69
265	88
265	95
265	103
265	104
265	116
265	134
265	141
265	145
265	150
265	157
265	160
265	168
265	171
265	173
265	178
265	180
265	195
265	196
265	229
265	236
265	243
265	248
265	258
265	269
265	284
265	285
265	301
265	304
265	306
265	309
265	321
265	328
265	359
265	363
265	373
265	384
265	409
265	456
266	5
266	12
266	15
266	18
266	21
266	26
266	32
266	35
266	37
266	40
266	44
266	49
266	52
266	56
266	62
266	64
266	66
266	69
266	73
266	74
266	76
266	80
266	86
266	88
266	94
266	95
266	97
266	100
266	103
266	105
266	107
266	108
266	116
266	119
266	121
266	122
266	123
266	127
266	130
266	134
266	141
266	144
266	145
266	147
266	149
266	151
266	153
266	155
266	158
266	161
266	168
266	171
266	173
266	174
266	178
266	180
266	181
266	182
266	185
266	186
266	187
266	188
266	192
266	196
266	202
266	214
266	225
266	226
266	238
266	243
266	248
266	259
266	265
266	267
266	268
266	269
266	271
266	273
266	275
266	277
266	278
266	280
266	282
266	283
266	285
266	289
266	291
266	294
266	295
266	296
266	302
266	303
266	304
266	305
266	312
266	316
266	322
266	327
266	332
266	334
266	336
266	338
266	345
266	352
266	353
266	357
266	359
266	361
266	364
266	365
266	367
266	369
266	370
266	371
266	373
266	378
266	382
266	384
266	396
266	398
266	399
266	401
266	407
266	410
266	411
266	421
266	424
266	425
266	428
266	430
266	441
266	445
266	447
266	448
266	450
266	454
266	456
266	457
266	468
266	470
266	475
266	486
266	487
266	495
266	498
266	499
269	267
267	12
267	38
267	53
267	138
267	156
267	219
267	269
267	279
267	338
267	420
267	455
267	468
267	499
268	8
268	10
268	12
268	13
268	15
268	22
268	27
268	45
268	56
268	60
268	76
268	97
268	100
268	101
268	104
268	105
268	108
268	109
268	110
268	115
268	121
268	127
268	132
268	136
268	141
268	145
268	149
268	153
268	156
268	157
268	167
268	168
268	171
268	173
268	174
268	176
268	178
268	181
268	182
268	183
268	185
268	208
268	225
268	226
268	236
268	243
268	249
268	259
268	260
268	266
268	269
268	278
268	279
268	300
268	302
268	304
268	313
268	321
268	322
268	331
268	336
268	338
268	344
268	345
268	352
268	358
268	360
268	361
268	362
268	363
268	369
268	373
268	375
268	377
268	407
268	409
268	410
268	415
268	421
268	441
268	444
268	447
268	448
268	450
268	452
268	456
268	463
268	467
268	468
268	475
268	476
268	489
268	491
268	494
268	495
271	2
271	8
271	13
271	27
271	40
271	45
271	54
271	67
271	72
271	86
271	95
271	107
271	113
271	114
271	115
271	121
271	127
271	140
271	141
271	153
271	159
271	173
271	174
271	176
271	181
271	185
271	187
271	214
271	218
271	224
271	225
271	232
271	243
271	265
271	266
271	275
271	279
271	292
271	293
271	332
271	361
271	363
271	373
271	495
272	13
272	26
272	35
272	41
272	97
272	104
272	105
272	121
272	132
272	168
272	226
272	232
272	258
272	279
272	280
272	283
272	310
272	315
272	332
272	361
272	367
272	375
272	426
272	441
272	451
272	487
272	488
272	495
272	496
272	498
191	2
191	4
191	8
191	10
191	15
191	16
191	24
191	26
191	27
191	31
191	35
191	37
191	44
191	53
191	54
191	56
191	60
191	64
191	66
191	71
191	84
191	86
191	88
191	94
191	96
191	100
191	101
191	108
191	110
191	113
191	114
191	115
191	116
191	119
191	120
191	121
191	122
191	124
191	130
191	132
191	134
191	135
191	140
191	141
191	143
191	144
191	145
191	147
191	149
191	150
191	151
191	155
191	156
191	157
191	160
191	161
191	162
191	165
191	167
191	168
191	169
191	171
191	173
191	174
191	175
191	176
191	178
191	180
191	181
191	185
191	195
191	196
191	197
191	208
191	214
191	225
191	232
191	234
191	238
191	243
191	248
191	249
191	252
191	258
191	259
191	260
191	264
191	265
191	266
191	268
191	270
191	275
191	278
191	285
191	286
191	289
191	291
191	294
191	295
191	302
191	303
191	304
191	305
191	309
191	318
191	321
191	322
191	323
191	326
191	327
191	328
191	331
191	345
191	346
191	349
191	350
191	351
191	352
191	357
191	358
191	359
191	361
191	362
191	363
191	364
191	367
191	371
191	372
191	373
191	374
191	375
191	377
191	381
191	382
191	388
191	395
191	396
191	398
191	404
191	406
191	407
191	409
191	410
191	412
191	413
191	414
191	421
191	422
191	423
191	428
191	430
191	431
191	436
191	444
191	445
191	446
191	448
191	449
191	450
191	453
191	454
191	455
191	456
191	458
191	460
191	461
191	463
191	465
191	470
191	473
191	474
191	475
191	480
191	481
191	482
191	483
191	487
191	488
191	491
191	495
274	45
274	50
274	54
274	68
274	80
274	90
274	96
274	100
274	107
274	114
274	134
274	135
274	141
274	159
274	160
274	167
274	168
274	173
274	176
274	180
274	183
274	214
274	248
274	257
274	260
274	271
274	272
274	281
274	291
274	304
274	309
274	318
274	327
274	341
274	350
274	351
274	357
274	360
274	364
274	391
274	416
275	49
275	67
275	69
275	80
275	86
275	105
275	107
275	121
275	127
275	140
275	141
275	143
275	159
275	168
275	171
275	173
275	186
275	187
275	266
275	271
275	294
275	295
275	304
275	353
275	384
275	401
275	441
275	456
124	10
124	15
124	21
124	27
124	64
124	67
124	90
124	94
124	101
124	113
124	119
124	121
124	145
124	151
124	155
124	157
124	160
124	161
124	174
124	175
124	176
124	179
124	185
124	194
124	195
124	236
124	238
124	243
124	248
124	258
124	259
124	265
124	266
124	268
124	271
124	278
124	285
124	288
124	302
124	322
124	336
124	367
124	373
124	398
124	406
124	407
124	410
124	412
124	413
124	421
124	423
124	428
124	446
124	460
124	462
124	496
277	38
277	51
277	88
277	107
277	125
277	141
277	143
277	145
277	160
277	168
277	171
277	176
277	178
277	214
277	252
277	257
277	264
277	272
277	338
277	383
277	407
277	419
277	428
278	10
278	35
278	71
278	78
278	81
278	90
278	98
278	101
278	132
278	134
278	141
278	157
278	159
278	176
278	194
278	195
278	206
278	258
278	266
278	275
278	279
278	285
278	317
278	322
278	324
278	327
278	345
278	353
278	358
278	359
278	361
278	372
278	378
278	381
278	382
278	385
278	391
278	394
278	399
278	407
278	410
279	49
279	69
279	168
279	272
280	11
280	12
280	22
280	70
280	76
280	95
280	103
280	126
280	137
280	156
280	168
280	174
280	184
280	187
280	188
280	191
280	219
280	267
280	272
280	300
280	302
280	338
280	383
280	390
280	411
280	426
280	441
280	448
280	450
280	466
280	478
280	486
280	489
280	499
282	62
282	215
282	491
283	40
283	46
284	285
286	18
286	73
286	76
286	120
286	141
286	156
286	160
286	168
286	171
286	176
286	183
286	196
286	258
286	301
286	304
288	421
289	2
289	26
289	27
289	56
289	60
289	62
289	66
289	71
289	73
289	86
289	100
289	105
289	114
289	116
289	119
289	122
289	124
289	127
289	138
289	141
289	144
289	145
289	149
289	160
289	168
289	174
289	176
289	178
289	182
289	185
289	188
289	191
289	214
289	224
289	226
289	229
289	236
289	248
289	249
289	262
289	264
289	266
289	268
289	275
289	283
289	291
289	297
289	299
289	300
289	304
289	318
289	321
289	322
289	327
289	328
289	331
289	332
289	336
289	344
289	345
289	346
289	347
289	352
289	358
289	360
289	361
289	373
289	374
289	375
289	377
289	378
289	379
289	395
289	412
289	423
289	427
289	451
289	457
289	474
289	498
290	62
290	97
290	106
290	121
290	272
290	279
290	286
290	288
290	310
290	322
290	332
290	416
290	458
290	463
290	465
291	2
291	8
291	27
291	53
291	80
291	84
291	115
291	121
291	132
291	174
291	180
291	181
291	187
291	214
291	323
291	345
291	348
291	350
291	359
291	373
291	421
291	431
291	453
291	458
291	459
292	88
292	171
292	174
292	437
294	127
294	249
294	295
294	352
294	353
294	448
294	456
295	15
295	16
295	36
295	37
295	66
295	84
295	86
295	101
295	115
295	120
295	141
295	145
295	157
295	160
295	173
295	175
295	178
295	183
295	185
295	186
295	219
295	226
295	265
295	266
295	275
295	280
295	302
295	327
295	331
295	336
295	342
295	348
295	353
295	367
295	373
295	381
295	384
295	398
295	421
295	423
295	441
295	446
295	447
295	456
296	22
296	84
296	90
296	134
296	155
296	224
296	284
296	367
298	62
298	103
298	129
298	146
298	147
298	278
298	317
298	338
298	434
302	16
302	21
302	26
302	27
302	35
302	62
302	71
302	78
302	81
302	97
302	121
302	124
302	132
302	147
302	149
302	155
302	168
302	174
302	176
302	178
302	181
302	182
302	194
302	202
302	226
302	229
302	236
302	258
302	270
302	272
302	285
302	294
302	295
302	296
302	303
302	305
302	309
302	321
302	322
302	327
302	336
302	345
302	351
302	355
302	356
302	358
302	361
302	364
302	367
302	370
302	372
302	374
302	388
302	392
302	393
302	394
302	395
302	399
302	402
302	410
302	418
302	421
302	422
302	426
302	431
302	437
302	448
302	450
302	453
302	483
302	487
302	488
302	495
302	498
303	53
303	80
303	156
303	160
303	168
303	171
303	270
303	304
305	26
305	37
305	53
305	84
305	94
305	101
305	106
305	115
305	121
305	135
305	141
305	145
305	155
305	161
305	165
305	167
305	168
305	173
305	175
305	180
305	194
305	195
305	236
305	243
305	259
305	264
305	265
305	266
305	268
305	272
305	285
305	294
305	302
305	318
305	326
305	327
305	330
305	331
305	332
305	352
305	359
305	367
305	373
305	375
305	379
305	381
305	398
305	418
305	421
305	423
305	424
305	430
305	431
305	439
305	444
305	445
305	448
305	453
305	456
305	460
305	461
305	462
306	167
306	265
306	279
306	349
306	350
306	358
306	404
306	414
308	56
308	90
308	101
308	122
308	124
308	155
308	175
308	243
308	259
308	264
308	285
308	298
308	302
308	309
308	321
308	323
308	328
308	381
308	404
308	434
308	475
308	479
310	35
310	140
310	464
311	29
311	124
311	140
311	177
312	71
312	121
312	171
312	382
312	397
314	414
120	314
120	315
315	105
315	120
315	278
315	298
315	329
315	338
315	380
315	439
315	441
315	448
317	54
317	132
317	169
317	270
317	326
317	371
317	395
317	448
317	462
317	465
318	56
318	90
318	328
319	176
319	264
319	336
319	494
320	23
320	317
320	321
320	340
320	426
322	4
322	8
322	10
322	13
322	15
322	16
322	21
322	27
322	28
322	31
322	32
322	35
322	37
322	38
322	44
322	53
322	54
322	56
322	61
322	62
322	64
322	66
322	70
322	74
322	84
322	88
322	90
322	94
322	96
322	97
322	106
322	108
322	110
322	113
322	115
322	119
322	121
322	122
322	123
322	126
322	129
322	130
322	132
322	134
322	137
322	141
322	143
322	145
322	147
322	148
322	149
322	151
322	155
322	156
322	158
322	161
322	169
322	173
322	174
322	175
322	176
322	178
322	180
322	181
322	183
322	184
322	185
322	186
322	194
322	195
322	196
322	202
322	204
322	205
322	206
322	214
322	215
322	225
322	226
322	229
322	231
322	238
322	243
322	248
322	252
322	258
322	259
322	260
322	265
322	266
322	267
322	268
322	275
322	278
322	279
322	280
322	282
322	283
322	284
322	285
322	286
322	288
322	289
322	294
322	295
322	302
322	303
322	305
322	310
322	312
322	319
322	326
322	327
322	328
322	329
322	330
322	332
322	333
322	334
322	336
322	337
322	338
322	343
322	346
322	350
322	352
322	353
322	358
322	359
322	360
322	361
322	365
322	367
322	368
322	369
322	370
322	371
322	373
322	374
322	375
322	376
322	377
322	378
322	380
322	381
322	395
322	396
322	398
322	399
322	406
322	407
322	410
322	411
322	412
322	413
322	416
322	418
322	420
322	421
322	422
322	423
322	424
322	426
322	427
322	428
322	430
322	431
322	432
322	436
322	439
322	441
322	444
322	445
322	446
322	448
322	450
322	451
322	453
322	454
322	455
322	456
322	458
322	459
322	460
322	461
322	462
322	465
322	466
322	468
322	470
322	471
322	473
322	474
322	475
322	478
322	480
322	481
322	482
322	483
322	486
322	490
322	491
322	495
322	496
322	498
322	499
324	46
324	54
324	86
324	114
324	115
324	137
324	146
324	150
324	167
324	204
324	214
324	223
324	239
324	256
324	298
324	319
324	348
324	368
324	383
324	389
324	391
324	419
324	492
324	499
325	56
325	385
325	468
326	10
326	12
326	13
326	15
326	16
326	21
326	35
326	36
326	53
326	56
326	62
326	64
326	66
326	71
326	78
326	84
326	88
326	96
326	100
326	105
326	108
326	110
326	119
326	121
326	129
326	132
326	134
326	141
326	144
326	145
326	155
326	156
326	157
326	169
326	173
326	174
326	176
326	178
326	183
326	185
326	194
326	195
326	196
326	202
326	206
326	208
326	229
326	236
326	238
326	243
326	249
326	258
326	261
326	267
326	278
326	282
326	285
326	286
326	289
326	294
326	303
326	305
326	317
326	322
326	327
326	331
326	333
326	335
326	336
326	337
326	338
326	344
326	345
326	346
326	350
326	352
326	353
326	355
326	357
326	359
326	361
326	367
326	369
326	371
326	373
326	374
326	379
326	386
326	395
326	396
326	403
326	409
326	410
326	412
326	416
326	421
326	423
326	425
326	441
326	447
326	448
326	456
326	461
326	462
326	463
326	465
326	466
326	474
326	476
326	477
326	478
326	483
326	496
326	499
327	10
327	12
327	35
327	62
327	74
327	90
327	110
327	114
327	119
327	141
327	157
327	167
327	174
327	176
327	180
327	185
327	194
327	196
327	214
327	215
327	231
327	248
327	261
327	267
327	275
327	279
327	282
327	284
327	291
327	298
327	322
327	328
327	329
327	336
327	345
327	348
327	352
327	357
327	364
327	370
327	373
327	378
327	389
327	410
327	411
327	444
327	461
327	486
327	490
329	13
329	62
329	94
329	105
329	110
329	123
329	134
329	155
329	162
329	173
329	176
329	215
329	231
329	238
329	294
329	315
329	327
329	333
329	341
329	404
329	411
329	426
329	486
330	68
330	130
330	495
332	13
332	121
332	138
332	144
332	155
332	156
332	185
332	208
332	266
332	338
332	382
332	396
332	454
332	498
331	8
331	15
331	21
331	27
331	31
331	44
331	54
331	86
331	96
331	100
331	101
331	114
331	119
331	145
331	156
331	157
331	162
331	173
331	175
331	176
331	180
331	181
331	185
331	196
331	214
331	226
331	238
331	260
331	266
331	278
331	288
331	291
331	302
331	303
331	305
331	317
331	338
331	342
331	344
331	350
331	354
331	357
331	360
331	364
331	368
331	373
331	377
331	405
331	409
331	421
331	423
331	424
331	436
331	439
331	441
331	460
331	473
331	495
331	498
331	499
333	12
333	36
333	38
333	53
333	62
333	74
333	105
333	111
333	121
333	123
333	125
333	126
333	138
333	156
333	158
333	164
333	177
333	202
333	215
333	219
333	226
333	267
333	272
333	279
333	280
333	282
333	298
333	305
333	308
333	310
333	315
333	317
333	322
333	329
333	334
333	335
333	337
333	338
333	339
333	340
333	343
333	353
333	369
333	376
333	385
333	390
333	398
333	409
333	411
333	416
333	421
333	426
333	427
333	429
333	433
333	441
333	442
333	447
333	448
333	451
333	457
333	459
333	464
333	468
333	471
333	472
333	478
333	486
333	497
334	12
334	13
334	22
334	36
334	38
334	41
334	46
334	62
334	70
334	74
334	105
334	106
334	121
334	123
334	129
334	138
334	147
334	149
334	155
334	164
334	186
334	205
334	206
334	219
334	226
334	277
334	280
334	282
334	286
334	315
334	322
334	329
334	331
334	332
334	333
334	335
334	337
334	338
334	343
334	353
334	369
334	370
334	384
334	390
334	395
334	396
334	401
334	411
334	416
334	427
334	441
334	446
334	448
334	450
334	451
334	459
334	463
334	464
334	470
334	478
334	483
334	496
334	497
335	6
335	12
335	22
335	23
335	28
335	32
335	36
335	38
335	41
335	44
335	53
335	61
335	62
335	70
335	74
335	96
335	97
335	105
335	106
335	111
335	123
335	125
335	126
335	129
335	132
335	137
335	138
335	147
335	148
335	155
335	156
335	158
335	164
335	169
335	184
335	186
335	202
335	204
335	206
335	211
335	215
335	219
335	226
335	231
335	257
335	267
335	272
335	277
335	279
335	280
335	282
335	283
335	286
335	288
335	289
335	298
335	306
335	310
335	315
335	317
335	322
335	325
335	329
335	332
335	333
335	334
335	336
335	338
335	340
335	341
335	343
335	353
335	358
335	361
335	365
335	369
335	370
335	380
335	384
335	390
335	393
335	395
335	396
335	398
335	401
335	409
335	411
335	415
335	416
335	421
335	426
335	427
335	429
335	433
335	435
335	437
335	438
335	441
335	448
335	451
335	457
335	459
335	463
335	464
335	465
335	466
335	468
335	471
335	478
335	481
335	486
335	488
335	489
335	490
335	491
335	492
335	496
335	497
335	498
335	499
336	12
336	13
336	15
336	28
336	31
336	36
336	37
336	38
336	44
336	53
336	62
336	64
336	66
336	70
336	84
336	85
336	94
336	96
336	101
336	105
336	113
336	121
336	130
336	132
336	138
336	143
336	148
336	149
336	155
336	161
336	165
336	173
336	176
336	185
336	202
336	206
336	211
336	225
336	226
336	233
336	238
336	243
336	252
336	268
336	278
336	285
336	286
336	303
336	305
336	312
336	315
336	317
336	322
336	326
336	331
336	332
336	333
336	334
336	337
336	343
336	353
336	358
336	361
336	367
336	369
336	370
336	371
336	374
336	378
336	393
336	396
336	398
336	401
336	406
336	409
336	412
336	413
336	415
336	416
336	420
336	421
336	422
336	426
336	427
336	428
336	429
336	432
336	435
336	438
336	441
336	444
336	445
336	446
336	448
336	451
336	457
336	458
336	460
336	461
336	462
336	463
336	465
336	467
336	468
336	475
336	480
336	483
336	488
336	491
336	495
336	496
336	498
337	22
337	28
337	36
337	38
337	61
337	70
337	85
337	96
337	97
337	125
337	147
337	148
337	186
337	202
337	205
337	206
337	226
337	257
337	272
337	277
337	305
337	306
337	315
337	317
337	332
337	333
337	335
337	341
337	343
337	353
337	370
337	384
337	398
337	409
337	416
337	429
337	435
337	441
337	447
337	448
337	451
337	463
338	12
338	36
338	38
338	41
338	44
338	51
338	53
338	62
338	66
338	70
338	74
338	83
338	84
338	85
338	96
338	97
338	106
338	113
338	121
338	123
338	125
338	126
338	129
338	131
338	132
338	137
338	138
338	147
338	155
338	156
338	158
338	165
338	177
338	184
338	186
338	202
338	205
338	211
338	215
338	219
338	226
338	267
338	272
338	279
338	280
338	282
338	286
338	288
338	289
338	295
338	298
338	315
338	322
338	329
338	331
338	332
338	333
338	334
338	335
338	336
338	339
338	340
338	341
338	343
338	353
338	361
338	365
338	369
338	371
338	374
338	375
338	376
338	380
338	384
338	389
338	390
338	393
338	395
338	398
338	411
338	416
338	421
338	429
338	435
338	441
338	444
338	448
338	456
338	458
338	460
338	461
338	462
338	463
338	465
338	472
338	475
338	476
338	478
338	481
338	482
338	483
338	486
338	487
338	488
338	491
338	495
338	498
338	499
339	12
339	22
339	68
339	90
339	110
339	141
339	144
339	145
339	174
339	176
339	182
339	194
339	226
339	236
339	243
339	257
339	258
339	266
339	333
339	335
339	336
339	338
339	343
339	345
339	351
339	352
339	353
339	398
339	399
339	406
339	407
339	410
339	420
339	431
339	445
339	446
340	53
340	74
340	132
340	147
340	267
340	279
340	282
340	338
340	343
340	370
340	409
340	411
340	420
340	471
340	478
340	486
341	298
341	343
341	488
342	28
342	32
342	52
342	88
342	96
342	108
342	132
342	205
342	211
342	233
342	272
342	277
342	279
342	288
342	315
342	333
342	336
342	337
342	338
342	343
342	358
342	365
342	368
342	370
342	390
342	409
342	415
342	421
342	426
342	427
342	429
342	431
342	435
342	437
342	439
342	448
342	456
342	459
342	460
342	463
342	468
342	499
345	78
345	143
345	174
345	176
345	178
345	183
345	194
345	202
345	248
345	259
345	322
345	339
345	355
345	373
345	379
345	450
346	32
346	84
346	96
346	100
346	174
346	176
346	181
346	183
346	219
346	266
346	305
346	325
346	329
351	352
355	13
355	15
355	31
355	78
355	81
355	88
355	90
355	97
355	101
355	116
355	143
355	144
355	151
355	155
355	157
355	161
355	169
355	173
355	175
355	176
355	178
355	180
355	182
355	194
355	195
355	225
355	229
355	236
355	243
355	258
355	259
355	266
355	268
355	275
355	278
355	285
355	296
355	303
355	305
355	326
355	327
355	336
355	345
355	359
355	362
355	371
355	373
355	378
355	391
355	394
355	395
355	399
355	400
355	404
355	406
355	407
355	408
355	410
355	412
355	413
355	418
355	421
355	423
355	424
355	431
355	439
355	445
355	446
355	448
355	456
355	481
355	483
358	110
358	208
358	268
358	278
358	367
358	371
358	404
358	449
359	10
359	15
359	21
359	27
359	35
359	53
359	81
359	84
359	88
359	101
359	121
359	143
359	157
359	176
359	180
359	181
359	194
359	195
359	243
359	248
359	258
359	265
359	303
359	353
359	355
359	363
359	373
359	394
359	407
359	423
359	441
359	448
359	456
360	119
360	130
360	141
360	155
360	161
360	174
360	176
360	180
360	252
360	291
360	377
360	378
360	381
360	428
360	468
361	12
361	15
361	16
361	28
361	31
361	37
361	62
361	84
361	88
361	94
361	110
361	121
361	130
361	132
361	141
361	143
361	147
361	156
361	157
361	165
361	173
361	176
361	215
361	219
361	225
361	226
361	229
361	238
361	243
361	252
361	261
361	282
361	284
361	286
361	295
361	302
361	315
361	317
361	322
361	326
361	329
361	331
361	332
361	336
361	338
361	341
361	353
361	358
361	359
361	367
361	369
361	371
361	374
361	375
361	382
361	388
361	390
361	395
361	396
361	398
361	411
361	414
361	421
361	422
361	423
361	427
361	428
361	430
361	431
361	435
361	436
361	437
361	438
361	439
361	441
361	444
361	445
361	446
361	447
361	448
361	450
361	453
361	456
361	457
361	458
361	460
361	461
361	463
361	465
361	468
361	474
361	481
361	486
361	497
361	499
362	108
362	266
364	23
364	27
364	119
364	181
364	340
364	492
365	13
365	21
365	97
365	105
365	121
365	147
365	149
365	223
365	322
365	338
365	426
367	10
367	13
367	15
367	16
367	35
367	37
367	53
367	62
367	64
367	66
367	70
367	78
367	84
367	88
367	96
367	97
367	105
367	106
367	108
367	116
367	121
367	129
367	132
367	134
367	144
367	147
367	149
367	151
367	158
367	161
367	169
367	173
367	175
367	176
367	182
367	195
367	225
367	226
367	238
367	252
367	259
367	265
367	266
367	275
367	285
367	286
367	288
367	295
367	296
367	302
367	303
367	322
367	326
367	327
367	331
367	332
367	334
367	335
367	337
367	338
367	346
367	355
367	358
367	359
367	361
367	365
367	369
367	371
367	373
367	374
367	376
367	380
367	382
367	390
367	391
367	392
367	393
367	394
367	395
367	398
367	399
367	406
367	408
367	410
367	411
367	412
367	413
367	414
367	415
367	418
367	419
367	422
367	424
367	428
367	429
367	431
367	437
367	441
367	446
367	453
367	456
367	458
367	460
367	461
367	462
367	465
367	470
367	473
367	475
367	481
367	482
367	483
367	488
367	491
367	498
368	12
368	13
368	37
368	53
368	88
368	97
368	111
368	121
368	125
368	126
368	129
368	132
368	137
368	148
368	149
368	151
368	173
368	206
368	225
368	259
368	266
368	278
368	295
368	302
368	305
368	312
368	322
368	334
368	338
368	359
368	361
368	367
368	373
368	374
368	388
368	395
368	396
368	397
368	404
368	411
368	413
368	414
368	418
368	421
368	424
368	426
368	438
368	440
368	446
368	449
368	452
368	453
368	462
368	463
368	468
368	470
368	483
368	495
369	16
369	26
369	66
369	88
369	113
369	121
369	149
369	161
369	175
369	195
369	238
369	243
369	259
369	285
369	295
369	305
369	322
369	326
369	331
369	336
369	359
369	361
369	367
369	368
369	373
369	374
369	388
369	396
369	412
369	413
369	418
369	422
369	444
369	448
369	450
369	453
369	455
369	456
369	462
369	463
369	467
369	474
369	475
369	477
369	487
370	12
370	44
370	96
370	123
370	132
370	164
370	206
370	265
370	279
370	303
370	315
370	329
370	342
370	371
370	373
370	384
370	390
370	414
370	415
370	418
370	448
370	463
370	464
370	497
371	12
371	15
371	16
371	31
371	88
371	101
371	113
371	121
371	169
371	173
371	195
371	225
371	243
371	286
371	289
371	303
371	331
371	359
371	361
371	373
371	382
371	397
371	423
371	439
371	445
371	446
371	458
371	465
371	473
371	474
371	481
371	482
371	488
371	495
371	496
371	498
372	15
372	71
372	101
372	176
372	243
372	252
372	373
372	423
374	13
374	26
374	37
374	44
374	70
374	71
374	84
374	88
374	108
374	113
374	144
374	147
374	149
374	151
374	155
374	173
374	174
374	186
374	229
374	236
374	243
374	257
374	285
374	289
374	303
374	305
374	322
374	326
374	333
374	358
374	359
374	361
374	365
374	367
374	368
374	371
374	372
374	382
374	392
374	393
374	396
374	401
374	406
374	418
374	422
374	423
374	426
374	430
374	436
374	439
374	441
374	444
374	448
374	450
374	454
374	455
374	456
374	461
374	463
374	465
374	470
374	473
374	474
374	475
374	482
374	483
374	487
374	488
374	491
374	495
374	496
374	498
375	15
375	64
375	66
375	88
375	94
375	101
375	121
375	195
375	236
375	259
375	265
375	266
375	295
375	296
375	303
375	322
375	359
375	361
375	367
375	368
375	395
375	404
375	410
375	412
375	413
375	418
375	428
375	461
375	473
376	322
379	174
380	29
380	37
380	74
380	113
380	132
380	174
380	177
380	184
380	215
380	283
380	298
380	322
380	326
380	334
380	338
380	345
380	353
380	358
380	361
380	367
380	386
380	389
380	399
380	405
380	419
380	421
380	426
380	429
380	441
380	448
380	450
380	453
380	454
380	468
380	483
380	486
381	261
383	35
383	175
383	280
384	62
384	113
384	123
384	141
384	147
384	173
384	186
384	206
384	226
384	243
384	266
384	275
384	295
384	334
384	338
384	353
384	390
384	395
384	401
384	435
384	441
384	456
384	457
384	465
385	121
385	141
385	226
385	367
385	417
385	446
382	15
382	88
382	101
382	176
382	303
382	359
382	361
382	367
387	46
387	53
387	101
387	149
387	195
387	223
387	319
387	386
387	426
388	1
388	6
388	12
388	13
388	28
388	36
388	38
388	41
388	53
388	61
388	74
388	83
388	85
388	94
388	97
388	105
388	108
388	111
388	121
388	123
388	126
388	132
388	138
388	143
388	147
388	148
388	149
388	155
388	165
388	173
388	177
388	186
388	194
388	204
388	206
388	226
388	231
388	243
388	259
388	272
388	277
388	278
388	279
388	288
388	295
388	303
388	305
388	310
388	315
388	317
388	319
388	322
388	325
388	326
388	331
388	332
388	336
388	337
388	338
388	340
388	341
388	353
388	358
388	361
388	368
388	384
388	390
388	396
388	405
388	411
388	416
388	420
388	421
388	426
388	427
388	431
388	438
388	441
388	448
388	455
388	458
388	459
388	462
388	466
388	468
388	470
388	472
388	473
388	475
388	478
388	497
388	499
389	13
389	147
389	194
389	272
389	298
389	305
389	338
389	468
390	12
390	13
390	62
390	70
390	96
390	97
390	105
390	125
390	129
390	132
390	147
390	156
390	158
390	202
390	205
390	211
390	226
390	257
390	272
390	280
390	305
390	306
390	315
390	322
390	333
390	334
390	335
390	353
390	361
390	365
390	367
390	369
390	376
390	380
390	384
390	396
390	398
390	401
390	420
390	427
390	441
390	442
390	448
390	451
390	457
390	459
390	463
390	468
390	490
390	496
390	498
391	70
391	384
391	451
392	88
392	143
392	423
392	450
393	10
393	52
393	94
393	132
393	155
393	165
393	202
393	206
393	226
393	265
393	289
393	295
393	322
393	333
393	339
393	370
393	394
393	437
393	444
393	448
393	458
393	462
393	465
393	481
393	488
395	15
395	37
395	97
395	143
395	161
395	175
395	195
395	211
395	215
395	226
395	231
395	243
395	252
395	265
395	279
395	286
395	302
395	314
395	322
395	329
395	381
395	382
395	397
395	418
395	420
395	421
395	423
395	424
395	425
395	428
395	430
395	435
395	436
395	440
395	486
395	489
396	12
396	37
396	94
396	111
396	113
396	129
396	132
396	147
396	155
396	164
396	169
396	173
396	202
396	219
396	289
396	295
396	305
396	312
396	317
396	319
396	322
396	326
396	338
396	353
396	359
396	361
396	367
396	371
396	374
396	375
396	381
396	397
396	417
396	424
396	425
396	426
396	431
396	436
396	444
396	445
396	446
396	448
396	456
396	458
396	460
396	468
396	470
396	475
396	483
396	488
396	499
398	13
398	155
398	305
398	332
398	335
398	337
398	339
398	399
398	416
398	459
398	468
398	486
401	12
401	62
401	88
401	94
401	105
401	111
401	121
401	125
401	132
401	137
401	147
401	173
401	186
401	199
401	226
401	265
401	266
401	272
401	275
401	279
401	295
401	298
401	305
401	322
401	327
401	332
401	333
401	334
401	338
401	353
401	359
401	365
401	370
401	384
401	390
401	396
401	416
401	427
401	441
401	448
401	449
401	456
401	463
401	468
401	491
401	495
401	497
404	105
404	130
404	315
405	406
411	10
411	23
411	149
411	317
411	322
411	338
411	420
411	426
411	479
415	12
415	26
415	37
415	53
415	84
415	88
415	97
415	98
415	125
415	132
415	149
415	156
415	225
415	229
415	233
415	265
415	279
415	305
415	314
415	331
415	334
415	336
415	337
415	338
415	342
415	353
415	361
415	370
415	371
415	409
415	416
415	420
415	421
415	424
415	425
415	429
415	435
415	437
415	441
415	444
415	457
415	462
415	468
415	473
415	475
415	488
415	489
415	496
415	498
416	435
416	460
416	491
416	498
417	225
417	303
419	12
419	36
419	44
419	46
419	61
419	66
419	74
419	106
419	121
419	123
419	137
419	149
419	155
419	184
419	204
419	206
419	215
419	239
419	282
419	286
419	289
419	317
419	319
419	322
419	334
419	338
419	353
419	365
419	367
419	369
419	375
419	401
419	411
419	426
419	427
419	444
419	448
419	457
419	459
419	467
419	491
419	499
420	6
420	12
420	13
420	36
420	38
420	53
420	96
420	106
420	123
420	125
420	126
420	132
420	148
420	149
420	155
420	202
420	206
420	226
420	272
420	279
420	305
420	317
420	322
420	337
420	338
420	340
420	353
420	370
420	389
420	390
420	416
420	426
420	427
420	439
420	441
420	442
420	447
420	448
420	451
420	464
420	468
420	479
420	493
420	499
409	195
409	225
422	6
422	61
422	88
422	126
422	149
422	155
422	231
422	444
422	466
424	409
426	15
426	44
426	85
426	243
426	381
426	444
426	456
427	12
427	20
427	46
427	62
427	83
427	96
427	97
427	105
427	106
427	143
427	149
427	156
427	164
427	206
427	226
427	279
427	283
427	315
427	317
427	322
427	324
427	336
427	359
427	367
427	369
427	370
427	384
427	390
427	395
427	411
427	420
427	421
427	426
427	428
427	459
427	478
427	479
427	498
252	12
252	53
252	74
252	84
252	97
252	121
252	173
252	177
252	298
252	310
252	315
252	324
252	333
252	338
252	341
252	353
252	361
252	411
252	426
252	428
252	441
252	445
429	6
429	36
429	41
429	62
429	70
429	97
429	105
429	106
429	125
429	132
429	211
429	226
429	233
429	277
429	279
429	315
429	317
429	322
429	333
429	334
429	335
429	336
429	337
429	341
429	353
429	365
429	398
429	401
429	409
429	420
429	421
429	427
429	448
429	449
429	457
429	459
429	463
429	468
429	489
429	491
429	498
430	495
431	143
433	13
433	15
433	28
433	31
433	36
433	38
433	62
433	66
433	70
433	84
433	85
433	94
433	96
433	113
433	121
433	155
433	165
433	169
433	173
433	202
433	205
433	225
433	226
433	238
433	243
433	252
433	257
433	286
433	288
433	289
433	310
433	319
433	331
433	332
433	333
433	334
433	335
433	336
433	359
433	361
433	365
433	367
433	370
433	371
433	375
433	389
433	398
433	401
433	409
433	415
433	416
433	421
433	422
433	431
433	435
433	445
433	446
433	450
433	458
433	460
433	462
433	465
433	467
433	473
433	474
433	481
433	482
433	483
433	487
433	488
433	489
433	491
433	495
433	498
433	499
434	215
434	295
434	341
434	359
434	411
435	6
435	13
435	53
435	70
435	105
435	106
435	186
435	206
435	225
435	317
435	322
435	358
435	359
435	370
435	395
435	409
435	448
435	464
435	468
437	15
437	361
437	450
437	459
437	460
437	491
441	12
441	13
441	26
441	31
441	53
441	84
441	88
441	94
441	113
441	121
441	125
441	155
441	165
441	206
441	211
441	229
441	305
441	322
441	326
441	331
441	333
441	353
441	361
441	367
441	368
441	374
441	426
441	444
441	448
441	450
441	455
441	462
441	473
441	476
441	483
442	13
442	88
442	94
442	96
442	105
442	106
442	121
442	126
442	129
442	132
442	226
442	295
442	305
442	332
442	333
442	334
442	368
442	388
442	395
442	420
442	421
442	427
442	429
442	448
442	456
442	464
442	483
442	488
442	496
442	498
443	121
444	12
444	31
444	84
444	113
444	121
444	132
444	147
444	155
444	165
444	169
444	199
444	219
444	225
444	238
444	286
444	289
444	295
444	331
444	338
444	361
444	371
444	416
444	422
444	448
444	452
444	454
444	456
444	461
444	462
444	465
444	468
444	481
444	482
444	483
444	487
444	488
444	491
444	493
444	497
445	94
445	334
445	450
445	458
445	460
445	461
445	462
447	12
447	84
447	88
447	295
447	326
447	370
447	464
447	466
448	12
448	88
448	94
448	96
448	132
448	286
448	317
448	338
448	444
448	478
448	498
449	96
449	137
449	388
449	409
449	453
449	455
449	488
450	94
451	12
451	97
451	105
451	113
451	147
451	202
451	204
451	233
451	331
451	332
451	333
451	334
451	338
451	353
451	427
451	438
451	441
451	448
451	486
452	367
453	306
454	113
454	453
454	483
457	44
457	62
457	113
457	138
457	305
457	317
457	333
457	353
457	361
457	427
457	435
457	451
457	458
457	459
457	498
460	468
459	26
459	322
459	374
459	427
459	460
462	326
462	498
463	12
463	123
463	132
463	149
463	279
463	286
463	317
463	371
463	380
463	409
463	448
463	465
463	466
463	478
463	496
464	12
464	286
464	370
464	447
464	448
464	457
464	465
466	13
466	22
466	44
466	61
466	66
466	113
466	125
466	129
466	132
466	226
466	361
466	371
466	374
466	384
466	447
466	448
466	463
466	474
468	12
468	132
468	149
468	204
468	278
468	396
468	448
468	486
468	491
469	470
471	85
471	125
471	215
471	219
471	230
471	279
471	280
471	322
471	329
471	333
471	335
471	337
471	340
471	353
471	375
471	390
471	398
471	411
471	478
471	486
471	497
471	498
472	473
478	420
478	427
480	132
480	481
482	17
482	169
482	307
482	371
482	426
482	483
482	487
484	223
484	226
484	390
485	226
486	13
486	96
486	97
486	132
486	137
486	215
486	226
486	231
486	288
486	315
486	329
486	335
486	341
486	376
486	395
486	411
486	442
486	471
486	478
486	498
486	499
489	62
489	111
489	338
489	421
489	454
489	486
491	335
491	336
491	369
491	427
491	468
490	426
490	491
492	12
492	13
492	51
492	97
492	149
492	177
492	184
492	278
492	298
492	322
492	332
492	338
492	478
492	497
493	137
493	449
494	393
498	132
498	202
498	288
498	322
498	336
498	358
498	415
497	498
499	23
499	83
499	111
499	125
499	129
499	132
499	206
499	219
499	233
499	256
499	305
499	306
499	317
499	325
499	333
499	340
499	370
499	396
499	401
499	409
499	448
499	463
499	464
499	468
499	497
499	498
307	17
479	102
